Date,Florida,New York,Pennsylvania,Virginia,West Virginia,Illinois,Indiana,Kansas,Kentucky,Michigan,Missouri,Nebraska,North Dakota,Ohio,Oklahoma,South Dakota,Tennessee,Alabama,Arkansas,Louisiana,Mississippi,New Mexico,Texas,Federal Offshore--Gulf of America,Colorado,Idaho,Montana,Utah,Wyoming,Alaska,Arizona Field,California,Nevada,Federal Offshore
1981-01-15,3606,71,317,1,248,2000,438,5151,486,2827,19,554,3787,1148,12139,78,71,1940,1552,17316,2708,6286,80609,22166,2506,,2416,2150,11089,49789,28,30297,69,874
1981-02-15,3162,68,286,1,234,1775,374,4727,465,2493,17,504,3493,1036,12268,60,73,1661,1400,15648,2437,5593,72591,20084,2255,,2342,2170,10016,45346,24,27455,56,800
1981-03-15,3167,71,317,1,316,1960,435,5546,531,2807,19,566,3790,1148,13290,74,79,1715,1576,17431,2871,6105,80734,22467,2527,,2592,2150,11089,50150,23,30515,58,883
1981-04-15,3064,69,306,1,241,2040,402,5524,555,2720,19,560,3805,1111,11905,79,69,1647,1486,16792,2763,5902,77344,21590,2478,,2501,2160,10731,48235,28,29540,57,984
1981-05-15,3052,71,317,1,294,2095,400,5400,530,2763,19,554,3974,1148,13000,79,71,1620,1576,17344,2894,6053,79890,20181,2498,,2626,2150,11089,48977,30,31203,56,1586
1981-06-15,2856,69,306,1,278,1930,410,5493,635,2682,19,548,3839,1111,12891,79,73,1767,1486,16385,2732,5767,77030,21399,2445,,2570,2160,10731,48967,29,30366,57,1748
1981-07-15,2833,71,317,1,293,2030,419,5438,590,2779,19,548,3841,1148,11698,85,79,1804,1576,16650,2837,5937,78640,22331,2523,,2601,2150,11089,49761,29,31383,56,1942
1981-08-15,2650,71,317,1,267,2090,428,5643,546,2775,19,578,3836,1148,13719,86,78,1764,1576,16671,3006,6012,78356,23090,2495,,2630,2150,11089,49675,33,31158,58,2054
1981-09-15,2612,69,306,1,288,1980,406,5584,558,2739,19,560,3789,1111,13565,84,77,1732,1486,16174,2915,5834,76017,21740,2464,,2513,2160,10731,48212,31,30184,60,2119
1981-10-15,2709,71,317,1,424,2050,323,5787,547,2741,19,580,3879,1148,13165,85,82,1624,1576,16503,3053,6058,78364,22557,2774,,2727,2150,11089,49491,33,31316,58,2149
1981-11-15,2563,69,306,1,266,2025,404,5566,558,2617,19,547,3626,1147,13125,84,80,1659,1486,16090,2976,5853,75135,22058,2630,,2572,2160,10731,48427,35,30525,60,2179
1981-12-15,2499,71,317,2,324,2115,282,5951,547,2722,19,572,3765,1147,13291,100,86,1747,1576,16575,3012,6168,77640,22855,2708,,2723,2150,11089,50307,34,31428,55,2270
1982-01-15,2378,71,364,4,249,1857,472,5521,489,2427,17,561,3543,1237,13092,97,70,1635,1601,15735,2784,6002,77306,22581,2609,,2538,1948,10047,52846,30,31352,55,2275
1982-02-15,2154,65,330,4,254,1684,427,5119,496,2624,15,533,3409,1118,14030,86,61,1603,1446,14703,2506,5486,70503,20710,2352,,2436,1760,9075,47783,27,28702,46,2114
1982-03-15,2381,71,364,4,276,2362,472,6200,617,2696,17,606,3807,1237,13425,105,79,1687,1601,16476,2842,6183,78298,23260,2725,,2640,1948,10047,52591,29,31271,54,2316
1982-04-15,2154,68,351,4,272,2258,458,5965,607,2508,17,593,3740,1198,10795,101,88,1567,1549,15878,2510,6048,75983,22512,2639,,2584,1885,9724,50743,29,30572,48,2290
1982-05-15,2204,71,364,4,241,2221,472,5935,601,2517,17,595,3932,1237,14153,99,108,1769,1601,16233,2850,6059,77507,24211,2654,,2602,1948,10047,52921,29,31639,47,2298
1982-06-15,2141,68,351,5,230,2370,458,6055,636,2828,17,569,3905,1198,13316,101,110,1710,1549,15611,2779,5828,74349,23373,2621,,2562,1885,9724,49951,27,30756,47,2253
1982-07-15,2170,71,364,4,279,2477,472,6192,609,2697,17,588,4048,1237,13055,100,101,1856,1601,16131,2885,5963,76378,24542,2600,,2655,1949,10047,53015,30,31758,47,2460
1982-08-15,2063,71,364,4,295,2528,472,5951,659,2772,17,581,4141,1237,13083,102,104,1684,1601,15912,2889,6015,76110,24733,2554,,2685,1949,10047,52615,29,31835,50,2491
1982-09-15,2008,68,351,4,290,2512,458,5985,643,2631,17,557,4068,1198,13692,95,110,1548,1549,15328,2734,5849,74624,23894,2469,,2546,1385,9724,51147,28,31048,45,2423
1982-10-15,2049,71,364,4,291,2554,472,5943,640,2717,17,574,4180,1238,13533,92,103,1499,1601,16066,2834,6219,76561,25452,2534,,2590,1949,10047,52879,26,32065,51,2530
1982-11-15,1878,68,351,4,281,2471,458,5844,704,2633,17,554,4119,1198,13205,89,96,1713,1549,15326,2726,6076,74496,24955,2401,,2523,1885,9724,50272,26,30762,58,2456
1982-12-15,2046,71,364,4,269,2416,472,5815,648,2412,17,561,4379,1238,13242,91,102,1743,1601,15350,2708,5296,76102,26502,2387,,2560,1949,10047,52147,25,31416,65,2490
1983-01-15,1897,71,364,6,289,2582,397,6303,711,2919,23,562,4330,1272,13528,93,94,1728,1601,15166,2611,6290,75776,25914,2501,,2614,2281,9966,53692,25,31302,58,2638
1983-02-15,1767,62,326,6,259,2319,450,5462,649,2536,19,509,3983,1148,12578,89,76,1507,1446,13871,2434,5798,69034,23684,2218,,2261,2257,9522,48074,21,28479,50,2343
1983-03-15,1908,71,364,5,386,2560,339,6084,725,2434,22,542,4419,1272,13747,97,102,1599,1601,15382,2683,6458,76046,26091,2384,,2451,2419,10098,53701,24,31133,53,2506
1983-04-15,1757,68,352,5,314,2352,620,5982,663,2814,22,530,4269,1230,13678,96,96,1557,1549,14924,2551,6211,73833,25882,2313,,2609,2401,9611,51622,12,30764,46,2536
1983-05-15,1683,71,364,5,311,2436,427,5948,669,2719,22,547,4244,1272,13379,101,99,1644,1601,15398,2597,6307,75263,26785,2400,,2435,2408,10106,51531,17,32131,50,2605
1983-06-15,1577,68,352,5,288,2460,486,5837,657,2687,23,522,4154,1230,13345,98,106,1521,1549,14643,2486,6086,73020,25697,2321,,2366,2357,9882,50617,20,31069,47,2438
1983-07-15,1538,71,364,6,304,2467,434,6063,620,2579,23,543,4247,1272,12823,98,92,1592,1601,15178,2641,6303,74932,26452,2634,,2443,2465,10179,53176,20,31880,49,2628
1983-08-15,1581,71,364,5,338,2541,495,6344,678,2487,23,545,4204,1272,13985,103,94,1588,1601,15381,2689,6440,74393,27310,2447,,2468,2483,9984,52615,20,31826,57,2621
1983-09-15,1561,68,352,5,333,2459,408,5967,647,2662,23,532,4164,1230,13049,100,80,1432,1549,14863,2625,6266,72726,27453,2473,,2324,2460,9941,52126,20,31075,71,2486
1983-10-15,1526,71,364,5,282,2449,482,6042,638,2712,23,548,4339,1272,13301,104,76,1519,1601,15417,2731,6554,74850,28634,2557,,2521,2733,10112,53718,21,32009,114,2565
1983-11-15,1406,68,352,6,263,2462,435,5932,641,2608,23,520,4184,1230,13933,97,74,1565,1549,14751,2674,6332,72827,27181,2459,,2382,2824,9295,51602,18,30781,104,2533
1983-12-15,1275,71,364,6,261,2113,348,5630,588,2579,23,480,4153,1271,11258,96,67,1494,1601,14643,2733,6124,70211,28634,2343,,2351,2446,9607,53053,19,31712,111,2628
1984-01-15,1352,71,363,3,248,2311,276,6029,597,2685,18,529,4321,1270,13978,104,74,1624,1559,15254,2764,6529,76531,29548,2367,,2406,3074,10118,54305,20,31894,105,2575
1984-02-15,1257,67,339,3,287,2032,414,6144,598,2518,17,504,4159,1187,14343,95,78,1578,1459,14591,2615,6332,70374,27111,2288,,2346,1869,9643,50709,20,29846,97,2437
1984-03-15,1284,71,363,4,298,2382,581,5918,672,2618,18,545,4461,1270,13633,101,81,1590,1559,15790,2841,6746,75510,29789,2522,,2495,1941,10402,48671,18,31944,104,2607
1984-04-15,1247,69,351,3,285,2326,518,6365,623,2600,17,500,4261,1229,14205,102,79,1533,1509,15457,2653,6396,72756,27251,2435,,2460,1754,10101,53097,19,31075,103,2493
1984-05-15,1216,71,363,2,301,2399,459,6694,640,2748,23,545,4431,1308,14089,114,85,1673,1600,16005,2796,6681,74806,30044,2500,,2588,3000,10628,54687,18,32305,109,2688
1984-06-15,1159,69,351,2,266,2352,447,6375,664,2560,22,533,4337,1265,14001,114,75,1583,1548,15462,2694,6478,72228,28911,2433,,2436,3877,10324,49771,18,31506,122,1587
1984-07-15,1173,71,363,2,273,2470,454,6294,669,2521,29,538,4533,1304,14519,114,80,1753,1600,15566,2855,6674,74382,30007,2395,,2472,3220,11542,52536,18,32193,150,2662
1984-08-15,1128,71,363,3,284,2534,515,6551,706,2524,29,547,4579,1304,12207,117,76,1681,1600,15831,2809,6707,74123,29648,2368,,2460,3238,10202,53393,18,32478,185,2812
1984-09-15,1162,69,351,3,363,2408,282,6039,616,2568,27,549,4332,1262,15259,112,71,1669,1548,15782,2696,6484,71958,28753,2346,,2408,3158,10498,52819,18,31288,216,2684
1984-10-15,1178,71,363,2,329,2623,638,6628,714,2568,29,565,4515,1305,13941,121,80,1662,1600,16100,2730,6806,74016,29247,2424,,2636,3187,10486,53677,17,32928,237,2652
1984-11-15,1149,69,351,2,296,2476,481,6342,600,2344,27,548,4299,1262,14265,122,71,1695,1548,15311,2641,6645,72024,28594,2343,,2515,3219,10093,53420,15,31822,236,2532
1984-12-15,1157,71,363,3,294,2555,461,6350,678,2300,29,549,4424,1305,13945,124,70,1763,1600,15862,2682,6858,74466,30954,2424,,2539,3152,10232,53316,16,32342,243,2670
1985-01-15,1062,92,412,3,268,2279,282,6087,552,2324,16,557,4367,1273,13829,126,74,1761,1501,15394,2593,6790,73331,30173,2664,,2545,3213,10928,51059,14,32492,232,2633
1985-02-15,939,83,372,2,252,2062,356,5604,506,2103,12,514,3919,1149,12250,121,59,1634,1377,14082,2370,6064,66371,27764,2301,,2341,2982,9945,52563,12,30091,212,2283
1985-03-15,1029,92,412,3,346,2537,572,6311,675,2283,14,588,4425,1273,13910,141,75,1862,1528,15871,2619,6825,74105,31129,2626,,2564,3355,11184,57859,15,32925,245,2545
1985-04-15,1004,89,399,2,325,2600,455,6580,697,2173,13,580,4259,1232,13782,139,74,1761,1597,15372,2488,6593,73839,28191,2569,,2409,3185,10702,53510,14,32173,240,2253
1985-05-15,1007,92,412,2,300,2591,448,6642,677,2350,15,605,4347,1273,14210,136,70,1886,1650,15800,2554,6697,74004,30739,2608,,2576,3379,11097,58532,14,33536,239,2605
1985-06-15,969,89,399,2,293,2450,419,6044,642,2315,18,569,4257,1232,12834,131,64,1751,1597,15298,2547,6414,70958,29332,2462,,2438,3366,10502,56118,14,32302,251,2576
1985-07-15,890,84,412,2,302,2706,516,6218,714,2343,29,586,4332,1273,13647,139,64,1863,1650,15897,2637,6574,73337,29755,2486,,2508,3526,10885,56079,14,33154,272,2516
1985-08-15,885,84,412,2,312,2652,441,6517,684,2377,32,601,4346,1273,13917,135,66,1808,1650,15141,2616,6613,73533,25300,2539,,2558,3558,10979,55642,18,33350,281,2559
1985-09-15,912,82,399,2,293,2551,435,6247,667,2277,29,583,4184,1232,12879,131,64,1767,1597,15078,2516,6361,70643,27176,2455,,2478,3565,10730,56008,13,32739,251,2266
1985-10-15,955,96,412,2,330,2726,436,6746,700,2323,23,609,4318,1273,14263,134,64,1820,1650,15110,2619,6553,73585,27462,2552,,2537,3582,11011,57338,16,34104,253,2466
1985-11-15,875,92,399,2,255,2571,427,5931,587,2252,22,572,4097,1232,13161,129,60,1680,1597,16226,2506,6345,71690,25773,2457,,2397,3487,10297,54121,15,32908,263,2633
1985-12-15,931,96,411,2,279,2540,381,6480,689,2180,20,579,4006,1273,14057,134,52,1988,1650,15140,2576,6701,73822,30649,2527,,2417,3594,10254,57404,16,34228,300,2540
1986-01-15,942,72,321,2,283,2664,262,6701,636,2235,18,640,4139,1142,14501,137,61,1917,1451,16012,2614,6798,74135,30808,2640,,2448,3651,11049,57973,16,34258,305,2417
1986-02-15,808,69,292,1,263,2650,547,5710,552,2045,17,573,3758,1028,12593,125,52,1768,1322,14544,2384,6154,66752,28410,2358,,2210,3333,9666,53402,13,31042,266,2148
1986-03-15,854,72,321,2,283,2502,232,6171,583,2251,9,642,4065,1142,13754,142,54,1953,1424,15939,2569,6743,73344,30701,2640,,2420,3554,10988,57673,15,33669,262,2440
1986-04-15,842,70,311,1,294,2376,559,5879,582,2152,8,567,3908,1105,12799,124,57,1812,1352,15157,2529,6305,69397,29497,2473,,2318,3395,10441,55092,14,31879,231,2391
1986-05-15,889,72,321,2,266,2267,381,5727,552,2267,8,627,3979,1142,12577,124,54,1834,1376,15283,2585,6503,70407,30838,2529,,2338,3449,10535,59748,15,32521,236,2512
1986-06-15,824,70,311,1,246,2201,361,5542,552,2179,8,586,3786,1105,12058,128,55,1717,1292,14243,2435,6316,66802,27840,2393,,2233,2931,10044,56597,14,31129,220,2481
1986-07-15,804,72,321,2,269,2241,527,5643,553,2182,8,596,3777,1142,12380,132,59,1780,1287,15834,2505,6344,68621,29706,2406,,2264,3243,10228,58980,14,31790,224,2514
1986-08-15,752,72,321,2,235,2017,371,5188,497,2149,7,593,3727,1142,11618,135,47,1786,1285,14925,2533,6132,67529,29103,2410,,2237,3163,10039,56146,13,30754,217,2435
1986-09-15,569,70,311,1,269,2158,227,5260,503,2011,7,567,3527,1105,11599,132,52,1651,1251,14255,2456,5941,64891,28343,2316,,2159,2968,9559,53449,12,29780,204,2240
1986-10-15,697,72,321,2,278,2158,368,5097,528,2129,7,582,3666,1142,11965,137,56,1564,1292,14597,2515,6284,66638,28143,2431,,2195,3143,9947,59748,11,30758,236,2277
1986-11-15,709,70,311,1,209,1901,477,4842,438,2027,6,556,3599,1105,11103,135,44,1631,1185,15172,2473,6027,64604,27870,2322,,2093,3174,9579,56483,12,29661,252,2303
1986-12-15,693,72,321,1,250,2110,447,5274,499,2061,7,569,3697,1142,12158,135,53,1709,1261,15830,2399,6165,66475,29069,2391,,2157,3168,9262,56019,12,30818,254,2448
1987-01-15,689,56,265,1,234,2000,333,5176,462,2275,7,540,3659,1009,10947,137,49,1733,1193,14816,2426,6127,66135,29044,2382,,2148,3231,10048,62598,11,30621,267,2269
1987-02-15,590,56,258,1,229,1898,330,4710,459,2016,8,484,3291,977,10640,123,56,1579,1077,13477,2178,5566,60010,26601,2169,,1966,2851,8951,51879,10,28128,239,2075
1987-03-15,701,64,288,1,259,2080,343,4604,493,2218,8,510,3617,1123,12093,134,55,1783,1267,15650,2423,6182,66167,28513,2422,,2173,2875,9822,61007,11,31106,266,2141
1987-04-15,685,63,300,2,236,1985,345,5324,477,2168,7,510,3514,1023,11675,132,45,1669,1225,14868,2326,5903,63738,27293,2349,,2104,2943,9516,59707,10,30062,255,2484
1987-05-15,728,64,280,1,237,1982,205,5004,489,2219,6,521,3546,1040,11055,141,45,1766,1244,14701,2429,6057,64459,27580,2409,,2142,3100,9727,61357,11,30965,264,2652
1987-06-15,657,65,285,1,228,1995,313,5005,477,2175,9,509,3382,1007,11178,139,51,1741,1167,14004,2331,5805,61837,26436,2396,,2041,2927,9380,57899,11,29950,244,2712
1987-07-15,703,59,279,1,247,2050,342,5199,493,2198,11,514,3509,1010,11416,141,54,1803,1184,14758,2447,6064,63677,27089,2468,,2091,3056,9632,59202,11,30897,260,2918
1987-08-15,701,61,274,1,234,2007,213,4972,473,2199,14,506,3382,1006,11193,141,47,1778,1142,14846,2334,6134,63399,26880,2465,,2098,2934,9705,59143,11,30919,263,3032
1987-09-15,686,57,269,2,239,1983,330,5008,471,2118,11,494,3338,989,10973,133,55,1692,1167,14132,2254,6036,61622,26437,2423,,2022,2986,9260,56232,11,29985,259,2490
1987-10-15,713,56,274,1,240,2000,334,5099,490,2172,10,509,3399,1017,11624,142,54,1594,1204,15061,2350,6287,64129,27155,2492,,2120,3079,9819,61563,12,31126,269,2880
1987-11-15,698,52,245,1,216,1900,308,4762,447,2089,7,491,3290,942,10791,137,50,1711,1173,14172,2250,6011,62107,26090,2307,,2063,2890,9535,62042,10,30043,258,2828
1987-12-15,720,57,285,3,236,2100,342,5022,512,2125,11,504,3424,1010,10793,143,53,1758,1189,14542,2355,6156,63682,26399,2520,,2092,2917,9871,63325,11,30807,268,2610
1988-01-15,712,44,215,1,205,1839,293,4872,400,2053,14,475,3356,980,10937,149,48,1827,1161,14368,2344,6162,63922,26375,2528,,2042,2918,10046,61971,10,30547,261,2668
1988-02-15,652,47,230,1,229,1821,281,4872,441,1950,13,459,3159,996,10958,138,50,1703,1203,13547,2191,5821,59979,24314,2510,,1918,2740,9400,60020,10,28559,242,2397
1988-03-15,685,53,262,3,252,2000,422,5201,432,2070,12,477,3379,1094,11222,144,50,1744,1219,14463,2319,6195,63853,26397,2743,,2040,2859,9940,64668,10,30678,263,2437
1988-04-15,641,48,242,5,223,1876,303,4976,497,1977,13,473,3292,994,10924,138,55,1674,1190,13835,2255,5871,61281,25353,2719,,1947,2824,9756,60877,8,29347,259,2757
1988-05-15,672,54,253,2,222,1931,310,5077,473,1969,16,497,3413,986,11252,141,51,1625,1217,14283,2292,5944,62750,26099,2753,,2020,2957,9922,62492,10,30380,272,2753
1988-06-15,658,51,262,2,228,1971,320,5065,490,1923,14,491,3289,1033,10763,134,49,1712,1106,13341,2189,5831,60347,25151,2760,,1933,2740,9456,59523,9,29348,266,2646
1988-07-15,683,44,234,1,206,1844,258,4802,444,1932,14,506,3348,945,10588,135,48,1835,1077,13700,2300,5931,61624,25705,2796,,1970,2759,9645,60764,10,30208,277,2595
1988-08-15,668,47,251,2,228,1970,310,5053,476,1886,13,518,3324,982,10814,138,53,1781,1047,14248,2508,6020,61476,24451,2789,,1977,2757,9356,62268,9,30011,284,2742
1988-09-15,627,44,230,1,209,1860,298,4745,454,1876,13,500,3174,971,10284,132,50,1754,1095,12541,2240,5789,59019,20420,2671,,1878,2632,9069,60584,10,28861,275,2540
1988-10-15,573,44,227,3,214,1790,286,4765,440,1898,11,532,3292,964,10370,139,46,1706,1091,13530,2352,5997,61450,25071,2758,,1911,2719,9385,62315,10,29837,283,2695
1988-11-15,573,45,213,2,194,1779,288,4569,445,1830,14,516,3146,836,10100,134,53,1691,1071,13428,2239,5758,59159,24792,2649,,1837,2562,8907,60800,9,28237,274,2553
1988-12-15,601,42,207,2,212,1795,296,4828,467,1886,10,534,3171,934,10660,138,48,1745,1128,13721,2324,5915,60635,25332,2675,,1868,2549,9102,61862,9,28718,275,2499
1989-01-15,650,44,216,3,205,1861,299,4876,467,1969,11,561,3178,984,10735,136,49,1743,1012,13695,2320,6132,60740,25580,2730,,1844,2528,9462,60692,9,28431,271,2621
1989-02-15,558,36,205,2,178,1505,252,4104,375,1719,12,484,2827,805,8762,123,42,1553,893,11840,2062,5339,53515,22998,2368,,1600,2237,8280,54939,8,25735,242,2477
1989-03-15,612,45,238,2,206,1752,309,4946,480,1869,9,533,3149,954,10466,135,52,1746,987,13212,2290,5977,59812,24978,2680,,1813,2486,9381,52265,10,28413,266,2749
1989-04-15,594,41,221,2,192,1638,263,4715,623,1787,10,532,2989,860,10096,127,46,1696,951,12927,2270,5681,57725,24270,2622,,1769,2309,9025,56700,11,27494,253,2707
1989-05-15,638,50,256,2,192,1768,297,4849,468,1828,14,532,3089,912,10202,139,46,1731,990,13255,2324,5918,59073,24732,2666,,1824,2495,9276,61174,13,28341,270,2941
1989-06-15,588,47,248,2,191,1706,286,4641,451,1823,10,536,2943,868,9692,131,44,1668,937,12747,2345,5585,56383,23496,2553,,1760,2068,8870,55828,13,27260,257,2754
1989-07-15,598,41,200,2,181,1749,278,4636,439,1807,12,538,3133,790,9870,138,44,1767,980,13275,2344,5765,58015,23485,2546,,1766,2437,9107,53484,13,28143,269,2913
1989-08-15,608,45,247,2,191,1782,284,4780,458,1840,12,522,3098,870,9816,135,42,1750,982,12764,2380,5737,57916,22949,2557,,1760,2433,8705,57963,13,28112,285,2841
1989-09-15,626,40,224,1,184,1699,260,4483,413,1735,10,505,2980,808,9540,131,43,1637,916,12389,2257,5534,55717,22636,2424,,1706,2365,8877,56260,11,26915,290,2820
1989-10-15,665,38,236,2,192,1757,285,4642,455,1816,11,515,3159,830,9903,138,46,1495,882,12506,2361,5793,57467,21007,2580,,1751,2425,9031,58198,13,27820,291,2728
1989-11-15,586,38,222,1,184,1708,271,4525,422,1686,12,484,3084,810,9456,137,42,1472,887,12595,2236,5642,55925,21342,2478,,1674,2207,8731,57449,12,26858,265,2640
1989-12-15,566,33,185,2,147,1453,227,4288,363,1689,10,488,3115,724,8955,142,36,1555,844,12090,2214,5611,55881,21454,2451,,1689,2425,8970,59027,11,27652,257,2885
1990-01-15,589,40,253,2,194,1849,286,4760,471,1766,15,496,3121,991,10401,143,47,1612,844,12614,2267,5781,58072,23413,2567,,1705,2401,8987,57786,10,27322,314,2814
1990-02-15,553,33,208,2,178,1578,238,4211,392,1537,11,453,2827,799,8616,130,42,1467,951,11568,2034,5211,52687,21307,2349,,1554,2227,8097,51350,10,24750,311,2241
1990-03-15,497,33,228,2,194,1737,262,4639,446,1716,13,500,3137,915,9556,143,45,1615,1044,12577,2264,5766,57594,22933,2646,,1708,2410,8979,56381,11,27453,313,2678
1990-04-15,538,33,215,1,176,1595,246,4500,436,1625,12,492,3026,813,9145,133,47,1558,855,12058,2271,5499,55382,23001,2557,,1631,2294,8578,54069,12,26530,325,2562
1990-05-15,522,34,227,2,177,1628,251,4651,440,1701,12,500,3121,796,9572,133,43,1622,901,12563,2272,5671,57044,22543,2659,,1685,2388,8952,54725,9,27310,343,2681
1990-06-15,466,31,210,1,165,1569,243,4389,425,1583,12,482,2994,814,8998,130,38,1463,844,11997,2225,5407,54665,21807,2514,,1592,2279,8586,48373,12,26307,337,2216
1990-07-15,451,32,207,1,155,1761,156,4640,449,1639,10,507,3071,727,9399,134,45,1532,897,12250,2256,5560,56603,22640,2561,,1669,2293,8592,52286,11,26962,331,2544
1990-08-15,396,34,242,1,188,1760,297,4902,466,1656,12,513,3103,905,9822,140,46,1526,849,12503,2341,5657,57292,22614,2552,,1684,2291,8715,53538,11,27004,356,2468
1990-09-15,389,32,217,1,177,1623,251,4524,448,1553,12,497,3020,811,9038,135,36,1551,794,12186,2219,5454,55515,21472,2528,,1628,2218,8382,51046,9,26124,338,2485
1990-10-15,401,38,227,1,198,1711,280,5014,517,1665,12,504,3139,875,9758,145,42,1609,810,12606,2280,5836,58804,23099,2598,,1680,2304,8859,58416,10,27482,358,2519
1990-11-15,408,40,200,1,174,1682,265,4698,499,1606,14,474,3059,806,9394,142,40,1400,803,12192,2253,5660,56998,22035,2505,,1648,2255,8578,52373,10,26615,347,2424
1990-12-15,465,35,207,1,167,1461,225,4500,420,1629,11,471,3099,756,8574,140,35,1583,794,12468,2352,5748,57822,22940,2417,,1626,2244,8551,56966,6,27009,338,2399
1991-01-15,410,35,227,1,174,1549,227,4741,434,1649,13,485,3120,755,9197,144,37,1631,900,12555,2333,6044,59433,24083,2602,,1666,2251,8708,57283,10,27126,338,2338
1991-02-15,358,37,214,1,157,1430,260,4691,425,1500,11,446,2847,776,8658,131,34,1495,827,11759,1947,5538,54071,21733,2418,,1539,2062,7879,53410,9,24735,311,2127
1991-03-15,372,32,198,1,162,1662,254,4984,388,1563,12,494,3146,731,9505,142,43,1623,915,12500,2285,6080,59299,24404,2664,,1709,2277,8637,58496,10,27190,340,1807
1991-04-15,419,35,219,2,169,1378,269,4914,545,1525,10,480,3033,798,9285,138,40,1491,824,12321,2314,5932,57138,24317,2608,,1645,2213,8344,53933,9,26396,329,2182
1991-05-15,383,34,218,1,180,1701,246,4986,417,1518,13,493,3139,795,9405,138,42,1503,849,12501,2328,6026,58502,24704,2720,,1686,2033,8429,54890,11,27239,319,2221
1991-06-15,192,35,201,1,153,1547,241,4645,443,1419,11,477,2997,733,8911,135,40,1511,806,12011,2274,5712,55333,23779,2634,,1589,2021,8115,52700,10,26378,278,2277
1991-07-15,327,37,222,1,166,1751,265,4910,499,1491,14,492,3075,789,9207,144,41,1585,848,12183,2386,5790,57078,24361,2646,,1660,2097,8393,55039,8,27101,259,2894
1991-08-15,379,37,213,1,156,1688,255,4847,475,1445,12,500,3037,767,9081,145,41,1619,855,12538,2322,5882,57332,24174,2643,,1656,2038,8502,53657,10,27264,256,2974
1991-09-15,426,33,202,1,156,1589,248,4551,461,1353,14,485,2827,735,8574,133,40,1409,813,12226,2204,5680,55302,24445,2551,,1597,2022,8081,53604,9,26209,264,2785
1991-10-15,496,42,229,1,178,1678,261,4712,325,1388,13,502,2928,810,8987,138,42,1460,901,12116,2236,5984,57160,25793,2623,,1639,1856,8289,57118,9,27033,254,3354
1991-11-15,481,34,194,1,145,1512,230,4375,583,1315,13,480,2821,732,8542,135,43,1617,860,11904,2147,5752,55424,23837,2557,,1579,1797,8079,52952,7,26112,210,3365
1991-12-15,482,36,194,1,167,1583,258,4572,490,1354,13,498,2921,735,8742,139,42,1693,907,12456,2279,5997,56544,26125,2716,,1614,1800,8472,53267,9,26714,255,3195
1992-01-15,483,35,211,1,168,1604,250,4841,454,1408,11,487,2878,770,8762,138,44,1677,905,12445,2192,5903,56323,26751,2566,,1599,1664,8495,55457,9,26278,250,3119
1992-02-15,444,22,162,1,168,1527,234,4319,440,1321,13,454,2707,737,8233,128,45,1533,861,11644,2021,5719,52552,24891,2435,,1487,1902,7877,52428,8,24461,237,3257
1992-03-15,431,35,205,1,179,1618,265,4668,354,1365,13,478,2861,805,8968,131,41,1623,881,12339,2112,6048,56220,26585,2532,,1603,2028,8346,55345,8,26155,252,3304
1992-04-15,429,32,189,1,183,1600,248,4589,575,1300,13,466,2745,813,8708,127,49,1589,882,11926,2072,5830,54054,25125,2546,,1541,1851,8044,52233,8,25256,271,3483
1992-05-15,454,33,171,1,158,1592,241,4511,446,1344,12,476,2807,748,8524,132,46,1558,810,12225,2152,5991,54953,26148,2561,,1582,1991,8306,52152,8,26128,316,3648
1992-06-15,457,36,184,1,160,1619,261,4459,451,1291,13,450,2685,787,8392,130,46,1547,779,11858,2118,5746,52661,25324,2458,,1504,1901,7943,51094,8,25157,305,3193
1992-07-15,407,37,175,1,185,1652,253,4533,467,1342,12,458,2755,757,8630,129,38,1592,791,12254,2153,5888,54505,26217,2477,,1544,1959,8259,51291,8,25916,320,4059
1992-08-15,456,37,171,1,180,1618,246,4375,482,1310,12,449,2772,733,8597,133,40,1591,893,11052,2134,5889,54719,22353,2434,,1573,1933,8127,50681,9,25680,324,3574
1992-09-15,453,36,164,1,178,1609,248,4344,481,1274,12,443,2679,747,8187,125,40,1488,877,11242,2027,5679,52929,22172,2468,,1516,1876,7827,51011,8,24833,341,3588
1992-10-15,469,37,170,1,184,1600,262,4421,458,1300,11,451,2737,797,8454,132,39,1620,897,12593,2123,5816,54834,25198,2557,,1551,1885,7973,52576,9,25620,360,3764
1992-11-15,462,30,162,1,156,1610,238,4036,285,1096,10,429,2605,724,7755,125,36,1570,787,11421,1982,5626,52601,24581,2335,,1494,1848,7748,50213,7,24722,376,3652
1992-12-15,479,34,173,1,168,1655,270,4517,586,1230,10,435,2662,778,8597,128,36,1637,897,12076,2095,5837,54274,25564,2418,,1487,1882,7866,52841,7,25282,369,3911
1993-01-15,488,26,167,1,167,1486,247,4067,375,1179,10,421,2664,680,8208,128,36,1623,865,11798,2049,5848,54148,25396,2454,,1465,1930,7651,51284,6,24918,255,3753
1993-02-15,385,23,147,1,170,1279,209,3584,445,1079,9,378,2441,604,7416,115,30,1427,789,10779,1858,5360,48839,23029,2280,,1349,1734,6597,45585,5,22584,163,3701
1993-03-15,436,29,174,1,172,1551,129,4345,393,1220,12,422,2694,732,8746,131,34,1507,863,11959,2007,5912,53801,25112,2573,,1497,1940,7663,50812,6,24878,185,4259
1993-04-15,453,31,183,1,178,1482,383,4250,516,1160,11,409,2553,726,8185,124,38,1469,843,11521,1928,5633,51690,24402,2239,,1450,1875,7279,47610,7,23763,186,3864
1993-05-15,475,29,164,1,181,1447,230,4116,351,1142,11,424,2636,661,8103,124,33,1486,869,11963,1873,5580,52838,25814,2870,,1489,1838,7514,48606,7,24910,166,4304
1993-06-15,449,33,178,1,161,1420,161,4190,486,1152,13,414,2573,719,8153,122,41,1471,796,11517,1832,5570,50734,24983,2369,,1429,1817,7377,45609,7,23671,141,4251
1993-07-15,470,29,164,1,173,1450,235,4871,317,1153,10,417,2625,679,8268,125,35,1553,834,11728,1920,5712,51722,25515,2429,,1451,1836,7477,44683,6,24874,140,4437
1993-08-15,489,30,171,1,177,1525,254,4112,443,1163,11,408,2587,661,8134,124,35,1656,832,11753,1814,5711,51853,25518,2426,,1504,1811,7375,47365,4,25025,137,4383
1993-09-15,479,26,174,1,176,1505,228,4085,408,1050,12,391,2548,721,7889,125,34,1632,835,11221,1849,5531,50005,24930,2347,,1442,1735,7140,44123,6,24209,129,4362
1993-10-15,501,27,184,0,171,1400,240,4005,293,1243,12,426,2626,727,8078,132,37,1662,826,11647,1832,5822,51726,25692,2433,,1491,1795,7330,49925,7,25114,132,4470
1993-11-15,480,27,174,1,168,1460,215,3957,296,1225,11,375,2478,665,7765,126,35,1582,841,11226,1777,5766,50183,25037,2452,,1422,1714,6965,50103,6,24253,122,4443
1993-12-15,499,26,156,1,154,1400,229,4043,272,1030,11,384,2490,708,7680,126,31,1610,782,11560,1874,5977,51551,25690,2526,,1459,1795,7301,51789,6,24891,123,4412
1994-01-15,490,20,177,0,99,1262,186,3912,303,1072,10,377,2370,544,7919,124,24,1588,838,10975,1805,5803,51754,26466,2395,,1414,1766,7299,51398,4,24331,166,4429
1994-02-15,482,20,182,1,156,1357,211,3500,431,982,10,335,2122,684,7124,114,33,1379,722,9858,1621,5238,46561,23850,2283,,1237,1617,6556,44718,4,21966,124,4091
1994-03-15,494,22,220,1,170,1610,266,4115,57,1084,10,369,2341,861,8138,127,38,1523,879,10987,1770,5826,51465,26427,2533,,1414,1814,7057,49076,4,24233,135,4047
1994-04-15,510,25,214,1,179,1479,213,3791,559,978,9,330,2280,753,7484,116,38,1494,884,10504,1591,5499,49384,25272,2381,,1340,1733,6742,45130,6,23622,125,3698
1994-05-15,529,27,220,0,178,1495,230,4049,369,1040,10,365,2380,755,7934,123,34,1599,889,10729,1688,5570,50644,25997,2562,,1368,1766,6946,48916,6,24384,137,4397
1994-06-15,491,25,227,1,175,1445,232,3898,331,992,10,347,2270,780,7668,119,32,1531,738,10296,1650,5324,48323,25737,2381,,1315,1693,6686,45502,6,23499,162,4435
1994-07-15,527,27,205,1,147,1419,223,3973,276,1010,11,358,2333,716,7456,124,33,1563,740,10549,1677,5480,49488,25667,2396,,1408,1734,5874,46337,6,24253,167,5351
1994-08-15,497,31,221,1,164,1469,239,4007,352,1027,12,355,2326,757,7551,123,38,1554,769,10723,1710,5522,49347,26502,2379,,1398,1729,6128,46487,7,24087,140,5215
1994-09-15,487,26,211,1,171,1412,225,3853,271,1002,10,346,2246,697,7310,118,38,1475,809,10317,1641,5328,47681,26374,2315,,1371,1705,6632,45425,7,23449,141,5170
1994-10-15,525,26,212,1,171,1387,173,3894,320,998,10,352,2339,715,7393,123,36,1491,732,10537,1650,5388,48888,27082,2326,,1446,1729,6715,49709,6,24344,139,5540
1994-11-15,522,25,219,1,155,1379,231,3815,483,977,11,337,2244,719,7250,120,39,1550,793,10347,1630,5293,47771,26642,2255,,1390,1648,6422,45537,6,23472,127,5441
1994-12-15,538,25,210,0,154,1435,64,3925,261,1045,10,345,2324,777,7746,123,35,1598,775,10661,1690,5575,49430,27806,2407,,1427,1727,6470,50714,5,24420,136,5695
1995-01-15,514,25,157,1,156,1389,389,3826,332,956,9,339,2431,673,7405,124,32,1608,723,10602,1674,5342,49056,28429,2566,,1419,1740,6712,48819,4,23651,133,5911
1995-02-15,474,21,138,1,157,1226,199,3585,388,931,9,308,2194,647,7049,110,29,1467,649,9590,1524,4935,44190,26276,2311,,1291,1553,7879,44178,5,21273,118,5542
1995-03-15,521,27,179,1,192,1454,226,3836,210,1022,10,334,2479,780,7588,121,38,1606,727,10321,1667,5467,48410,28313,2573,,1431,1735,6394,47262,6,23395,122,6165
1995-04-15,503,26,164,1,175,1337,208,3642,326,970,10,320,2508,690,7269,116,29,1560,696,9818,1636,5282,46696,28401,2421,,1380,1730,6232,45334,5,22880,113,5631
1995-05-15,491,30,182,1,185,1369,224,3671,292,995,12,322,2498,739,7411,114,34,1654,710,10206,1674,5585,47706,30632,2421,,1402,1726,6477,47051,5,23741,115,5835
1995-06-15,488,31,180,1,184,1336,214,3637,424,941,10,310,2345,707,7251,110,29,1500,675,10046,1736,5348,45594,29033,2162,,1353,1603,6481,44510,7,22931,109,6075
1995-07-15,479,25,158,1,164,1353,220,3594,119,947,11,309,2418,641,7237,105,29,1620,880,10282,1646,5512,46681,30444,2273,,1393,1640,6573,43444,7,23529,111,6064
1995-08-15,450,27,155,0,164,1408,229,3754,314,994,10,318,2494,708,7410,114,30,1557,768,10213,1673,5632,46620,28542,2256,,1408,1620,6443,44391,7,23714,110,6312
1995-09-15,447,24,173,1,153,1348,211,3512,362,930,11,308,2418,672,6956,109,31,1552,731,9956,1625,5218,45107,28914,2179,,1365,1609,6403,41323,7,22981,102,5744
1995-10-15,426,24,179,1,152,1357,230,3591,289,885,8,315,2526,699,7440,110,35,1536,777,10522,1712,5392,47110,26054,2207,,1401,1691,6514,45727,7,23905,105,6127
1995-11-15,444,23,152,1,125,1332,217,3522,297,876,10,302,2471,670,7294,105,33,1534,779,10467,1651,5309,45725,29293,2269,,1326,1652,6274,44155,6,23100,102,6042
1995-12-15,456,21,122,1,140,1281,208,3597,139,937,9,307,2552,631,7180,106,34,1536,795,10862,1692,5486,46751,29987,2339,,1359,1687,6503,45461,6,23877,103,6262
1996-01-15,447,20,119,1,125,1225,212,3468,342,950,10,298,2565,673,7425,104,31,1461,861,10323,1636,5486,46721,31005,2183,,1283,1662,6345,44767,6,23740,99,5761
1996-02-15,385,19,125,1,130,1110,201,3382,395,879,8,284,2419,678,6900,101,32,1305,764,10375,1520,5119,43547,29182,2054,,1234,1555,6041,42988,5,22245,91,5654
1996-03-15,474,23,136,1,146,1375,202,3425,97,958,11,306,2663,727,7432,110,30,1500,806,11538,1706,5538,47159,30846,2138,,1349,1647,6155,45086,6,23968,91,6067
1996-04-15,553,28,149,2,148,1260,216,3546,475,909,10,293,2618,778,7355,107,35,1449,782,10687,1625,5318,45382,29161,2135,,1325,1581,5947,41014,6,22753,90,5582
1996-05-15,560,26,148,1,150,1310,196,3619,289,919,10,298,2708,712,7342,107,32,1459,796,11164,1615,5294,46406,30905,2085,,1370,1622,5995,41573,6,24068,89,5330
1996-06-15,544,25,137,1,147,1295,194,3409,284,884,10,296,2674,611,6979,103,31,1394,763,10893,1530,5221,44396,29664,2063,,1322,1560,5837,42581,8,23325,86,5479
1996-07-15,579,28,142,1,154,1310,224,3573,402,911,10,300,2807,654,7077,107,34,1394,747,11088,1618,5498,45439,31083,2152,,1382,1620,5968,40821,8,23865,87,5388
1996-08-15,565,25,148,1,134,1400,218,3492,15,865,9,297,2820,654,7170,105,31,1446,680,11262,1621,5709,45202,31450,2029,,1390,1639,6325,41126,8,24082,86,5161
1996-09-15,537,31,139,1,126,1390,214,3406,444,918,9,291,2761,698,6797,104,30,1364,680,11134,1591,5123,44037,31080,2039,,1344,1634,6151,42019,8,23235,89,5031
1996-10-15,541,30,156,1,150,1360,226,3531,292,900,10,302,2872,744,7256,104,34,1417,672,11516,1737,5488,45663,32798,2107,,1343,1696,6112,42757,8,23888,90,5106
1996-11-15,539,25,146,1,135,1290,197,3312,274,867,10,287,2674,662,6321,102,29,1334,638,10903,1644,5280,43803,32370,1945,,1258,1618,6158,42104,8,23379,78,4877
1996-12-15,569,28,145,1,135,1250,223,3627,293,877,9,290,2734,714,7325,103,32,1343,626,11268,1666,5405,45587,34100,2023,,1319,1567,6330,43163,6,23862,82,4983
1997-01-15,570,23,137,1,138,1240,175,3477,269,1112,10,284,2767,730,6997,104,31,1299,715,10944,1653,5967,45150,32412,2169,,1324,1624,6001,42767,6,23508,81,4782
1997-02-15,494,22,119,1,121,1210,193,3168,149,823,9,261,2614,659,6481,101,29,1183,706,10358,1543,5523,41756,30174,2023,,1242,1497,5494,38746,7,21347,77,4272
1997-03-15,543,22,134,1,127,1385,200,3646,258,683,10,290,2862,730,7448,115,31,1298,771,11302,1704,6037,45840,33267,2275,,1359,1615,6052,41262,6,23882,88,4770
1997-04-15,541,18,133,1,124,1295,204,3508,344,455,9,274,2817,706,6862,106,32,1228,664,11273,1679,5924,44467,32242,2189,,1274,1461,5766,39915,6,23260,82,4378
1997-05-15,542,22,100,1,124,1330,202,3507,275,1268,11,284,3072,730,7359,116,33,1269,746,11614,1741,6082,45629,34158,2135,,1293,1647,6088,40404,7,23903,100,4910
1997-06-15,533,30,92,1,117,1315,147,3407,302,823,11,269,2983,706,6986,111,30,1225,731,11065,1690,5327,44141,34350,2138,,1247,1571,5794,37795,7,23416,88,4804
1997-07-15,497,21,112,1,125,1405,252,3549,268,914,9,274,3079,730,7196,112,30,1225,751,11377,1919,5912,45305,34875,2113,,1340,1633,5997,38376,7,24341,86,4859
1997-08-15,536,25,108,0,130,1420,201,3264,170,813,10,277,3108,730,6944,117,31,1197,777,11290,1828,5954,45012,35185,2096,,1359,1608,5902,37205,8,24558,79,4827
1997-09-15,523,22,110,0,122,1420,224,3287,268,889,8,271,3042,706,6733,113,27,1217,628,11200,1753,5707,43976,35100,2062,,1173,1592,5681,38283,7,23771,76,4583
1997-10-15,538,31,96,0,121,1390,219,2672,301,812,10,285,3185,730,6922,115,36,1264,656,11477,1914,5895,45536,36735,2055,,1319,1699,5887,39869,7,24685,77,3944
1997-11-15,511,23,86,1,125,1375,191,2811,269,318,8,283,3108,706,6579,111,29,1219,627,10946,1779,5714,44460,35850,2069,,1276,1690,5575,38340,7,23875,73,3747
1997-12-15,554,17,94,1,135,1330,224,3539,114,1143,9,286,3196,730,6857,114,29,1207,657,11288,1834,5792,45313,37820,2293,,1320,1680,5939,39987,5,24627,72,4259
1998-01-15,523,19,146,1,136,1295,197,3522,416,870,9,286,3139,612,6816,113,34,1181,746,11210,1986,6840,45909,38582,2038,,1386,1681,5945,38097,6,24612,69,4337
1998-02-15,498,18,119,1,102,1130,187,3191,121,809,8,269,2727,574,6386,100,23,1027,668,11218,1830,5463,41312,34075,1873,,1267,1538,4891,34661,5,21380,64,3790
1998-03-15,480,19,152,0,124,1165,197,2372,324,785,8,294,3039,636,6638,106,27,1108,730,11293,2056,6616,45140,38630,2044,,1400,1709,5529,37847,5,24102,72,3991
1998-04-15,479,20,174,1,123,1155,188,3244,253,800,9,284,3023,608,6822,108,22,1044,707,11355,1927,6270,43016,38993,1930,,1435,1630,5571,36009,5,23577,66,3634
1998-05-15,542,19,164,0,122,1162,174,3070,224,849,9,291,3115,518,6944,104,24,999,696,11306,1915,6222,43723,39722,1949,,1475,1539,5075,36375,6,24327,65,4026
1998-06-15,531,17,168,1,115,1117,172,2763,244,700,7,267,2977,520,6331,99,18,1011,636,11287,1982,5858,41599,37931,1836,,1383,1607,5463,34046,6,23428,62,3836
1998-07-15,518,18,184,0,124,1135,190,3139,218,762,9,258,2986,561,6639,101,23,1032,677,11139,1897,5690,41721,38683,1838,,1406,1616,5504,35819,7,24116,67,3949
1998-08-15,504,18,169,1,126,1127,189,3075,216,706,7,257,2972,502,6561,100,24,1045,673,11136,1818,5443,41772,40213,1849,,1407,1612,5411,35108,9,24258,84,3889
1998-09-15,427,20,191,0,135,1120,187,2676,216,668,7,246,2849,588,6312,93,27,964,628,11123,1641,5586,40185,28140,1785,,1346,1616,5263,32796,9,23144,63,3628
1998-10-15,461,18,187,0,133,1113,183,3082,257,706,8,256,2968,466,6276,95,27,1016,645,11094,1683,6135,41157,37990,1670,,1276,1599,5458,37099,8,23509,64,3779
1998-11-15,465,15,168,0,118,1110,183,2715,216,642,6,237,2871,498,6003,93,18,970,606,11051,1650,6002,39708,36704,1700,,1329,1529,5409,35037,6,23462,62,3615
1998-12-15,543,16,158,0,113,1103,161,2692,216,697,6,231,2897,458,5850,94,20,1001,585,11008,1646,6203,39420,38725,1852,,1373,1523,5263,35956,6,23712,61,3759
1999-01-15,455,14,119,1,112,995,161,2050,186,708,6,225,2822,479,6052,91,24,982,632,10453,1458,5435,39197,39084,1672,,1253,1485,5329,36094,5,23434,63,3788
1999-02-15,391,13,103,0,114,1035,146,2351,185,662,6,203,2550,492,5649,83,25,890,550,10249,1348,4947,35443,35255,1464,,1240,1313,4739,30905,4,21247,57,3375
1999-03-15,418,16,114,1,135,1027,174,1891,217,668,6,216,2809,555,6268,94,27,959,601,10083,1482,5540,38576,38691,1659,,1184,1453,5296,35148,5,23321,62,3665
1999-04-15,398,18,131,1,131,1055,166,2239,223,673,7,213,2732,537,6010,96,32,884,583,10143,1434,5435,37050,39682,1484,,1235,1384,5064,31669,6,22412,59,3431
1999-05-15,370,16,114,1,125,1005,154,2189,212,665,8,221,2820,496,6076,93,30,945,587,10105,1513,5559,38147,41159,1513,,1294,1410,5197,33719,6,22798,59,3515
1999-06-15,372,17,129,0,109,1005,173,2361,237,665,7,217,2726,492,5745,89,24,911,564,10039,1417,5299,36136,40561,1539,,1257,1332,4994,29021,8,22087,58,3217
1999-07-15,421,19,128,1,116,997,164,2377,250,649,8,214,2783,513,5783,90,26,963,593,9977,1472,5466,37374,43050,1532,,1285,1355,5125,30686,8,22967,61,3284
1999-08-15,431,19,125,1,129,1008,176,2847,252,613,8,229,2741,507,5856,91,28,895,587,9898,1479,5505,37109,42235,1540,,1304,1360,5165,31337,6,22528,59,3121
1999-09-15,395,18,132,1,129,1004,167,2706,263,643,9,223,2651,492,5660,90,31,881,606,9839,1552,5329,36442,41891,1483,,1256,1282,5066,28001,6,22702,57,3108
1999-10-15,421,19,123,0,126,938,133,2759,247,630,9,238,2786,454,5678,90,33,973,614,9799,1563,5363,38109,44101,1561,,1262,1311,5110,33109,5,23515,58,3225
1999-11-15,420,18,130,0,121,1031,178,2610,246,630,9,226,2682,480,5816,93,32,906,606,9742,1633,5166,37180,43387,1484,,1149,1266,4999,30704,4,22755,57,3049
1999-12-15,403,19,123,1,124,965,172,2666,259,630,9,238,2781,473,5963,100,32,935,629,9681,1600,5332,38470,44968,1538,,1218,1302,5042,32806,3,23251,57,2924
2000-01-15,360,16,111,0,118,997,179,3062,128,481,8,240,2766,510,5844,98,28,934,578,9132,1594,5846,38241,41055,1631,,1314,1366,5185,31751,5,22784,56,2898
2000-02-15,349,19,108,0,88,1027,170,2804,267,145,7,228,2627,507,5996,87,40,858,592,8580,1465,5503,36030,39277,1494,,1244,1275,4872,29906,3,21332,53,2751
2000-03-15,373,19,145,1,124,1025,187,2859,394,797,9,249,2818,661,6112,96,35,919,624,9183,1669,5802,38258,44281,1615,,1327,1348,5201,31395,3,22865,55,3016
2000-04-15,385,16,108,1,114,1030,166,2841,306,507,8,246,2722,500,5843,98,25,887,601,8795,1625,5649,36836,41762,1521,,1287,1290,5001,30241,2,22234,52,2927
2000-05-15,411,17,130,1,133,1035,185,2967,237,797,9,250,2804,567,5978,99,26,905,623,8943,1701,5841,37606,44438,1568,,1320,1317,5197,29934,5,23086,52,3059
2000-06-15,379,17,130,1,129,1040,184,2922,354,749,9,247,2698,537,5723,95,29,884,571,8576,1695,5528,36234,43852,1510,,1315,1312,4998,27758,8,22220,52,2931
2000-07-15,389,17,128,1,118,1039,174,2830,249,789,9,251,2748,509,5853,100,28,866,593,8808,1704,5654,37121,44318,1555,,1310,1320,5069,28288,7,22971,52,3055
2000-08-15,396,19,137,1,126,1015,187,3262,308,1199,9,250,2713,555,5719,95,27,864,578,8976,1691,5539,37177,45252,1553,,1266,1309,5087,28343,6,22798,49,2947
2000-09-15,386,20,132,1,119,991,167,2732,366,699,7,250,2668,563,6040,90,30,834,576,8473,1659,5398,35866,43861,1495,,1224,1271,4948,26767,6,22292,49,2752
2000-10-15,418,18,132,1,119,1008,181,2737,288,558,7,256,2805,635,5583,106,29,849,624,8740,1724,5488,36999,45460,1536,,1296,1282,5150,29935,5,23253,51,2811
2000-11-15,386,20,129,0,108,987,168,2613,185,861,6,242,2630,560,5613,100,28,816,567,8337,1631,5361,35848,44053,1480,,1251,1253,4962,29566,4,22365,49,2805
2000-12-15,394,12,110,1,104,1012,150,2834,383,325,6,248,2720,471,5672,106,21,841,627,8882,1686,5589,37181,45641,1523,,1274,1293,5056,31315,5,22932,51,3040
2001-01-15,427,11,140,1,100,838,167,2887,212,517,7,251,2763,543,5757,105,32,828,645,8719,1684,5789,37020,46013,1479,,1319,1273,5002,30384,3,22160,47,2645
2001-02-15,359,12,124,2,94,784,158,2507,227,485,7,224,2480,500,5307,97,28,734,603,8282,1544,5387,33270,40208,1291,,1192,1162,4494,27367,3,20302,45,2564
2001-03-15,388,14,137,1,102,876,174,3101,266,505,8,251,2739,537,6218,106,31,817,651,9030,1727,5799,36603,46500,1440,,1345,1322,4970,31271,3,22430,49,2880
2001-04-15,383,14,135,1,102,844,168,2880,267,490,8,241,2635,513,5954,103,37,788,657,8825,1764,5692,35464,45408,1383,,1288,1296,4802,29594,4,21677,49,2414
2001-05-15,393,15,148,1,109,914,188,2888,288,484,8,255,2742,520,5881,105,33,797,653,9176,1711,5845,36204,47969,1418,,1341,1342,4931,29669,7,21966,50,2659
2001-06-15,361,15,139,0,103,820,127,2862,243,636,8,247,2567,509,5811,101,30,739,626,8779,1573,5507,34606,46116,1362,,1291,1282,4665,28048,5,21403,46,2349
2001-07-15,356,17,129,1,105,843,176,2825,258,639,8,240,2674,491,5632,109,32,783,646,9059,1594,5657,35747,47964,1397,,1321,1302,4847,28725,7,22162,49,2414
2001-08-15,367,15,140,1,111,877,194,2905,259,592,8,248,2675,537,5557,109,28,786,641,8754,1558,5758,35622,47285,1387,,1386,1277,4762,28768,7,22115,48,2712
2001-09-15,372,13,125,1,97,778,138,2678,216,628,8,242,2576,450,5499,105,27,771,611,8378,1536,5558,34127,46904,1333,,1355,1241,4721,26749,6,21385,46,2598
2001-10-15,351,14,147,1,109,872,186,2952,263,835,7,250,2653,490,5763,107,25,788,635,8593,1707,5842,35770,48806,1367,,1396,1272,4823,27734,4,21800,48,2520
2001-11-15,337,14,130,0,101,822,173,2712,240,786,7,236,2560,476,5501,104,23,757,625,8536,1502,5543,34253,47712,1314,,1356,1219,4656,30686,5,21353,46,2654
2001-12-15,332,12,126,1,93,824,173,2745,230,778,7,237,2627,485,5651,104,25,746,599,8479,1628,5624,35611,49600,1349,,1330,1264,4760,32416,5,21910,49,2694
2002-01-15,337,15,197,2,133,857,174,2761,223,625,8,237,2624,478,5756,103,25,734,621,8193,1697,5804,35477,49055,1733,,1451,1241,4723,32101,4,21780,50,2856
2002-02-15,318,13,178,1,109,784,133,2623,131,567,6,215,2404,432,4999,93,21,689,554,7599,1571,5238,31959,44488,1581,,1297,1121,4238,28864,3,19875,45,2518
2002-03-15,352,14,197,2,135,809,163,2755,299,592,7,235,2628,478,5722,106,20,764,607,8348,1679,5700,34903,49433,1740,,1416,1222,4631,32109,6,22550,48,2790
2002-04-15,281,12,191,3,114,878,169,2850,203,581,8,230,2533,463,5698,97,24,741,600,7977,1610,5631,33653,47797,1709,,1367,1143,4566,30267,6,21311,45,2575
2002-05-15,305,14,197,1,118,935,159,2907,239,612,11,236,2611,478,5830,98,20,735,609,8348,1692,5782,34596,51743,1730,,1413,1193,4693,31065,6,22103,48,2529
2002-06-15,297,12,191,2,121,958,150,2704,255,590,8,226,2505,463,5516,93,22,732,603,7995,1624,5445,32975,50071,1643,,1371,1123,4495,30567,6,21149,47,2571
2002-07-15,285,15,197,4,149,1049,190,2925,214,600,9,226,2583,478,5655,101,25,734,615,7976,1683,5599,33876,50868,1668,,1429,1132,4597,28873,6,21738,47,2731
2002-08-15,305,14,197,3,112,973,166,2842,262,591,8,240,2647,478,5614,105,21,730,630,8024,1603,5540,33968,51005,1715,,1447,1148,4624,29905,5,21890,47,2810
2002-09-15,289,15,191,2,118,902,165,2731,138,567,7,229,2539,463,5377,103,23,696,593,7097,1525,5672,32904,40830,1716,,1403,1079,4497,26574,6,21148,45,2690
2002-10-15,297,14,197,3,142,996,176,2675,247,573,7,236,2613,478,5473,105,24,717,609,6576,1572,5719,33980,38532,1770,,1470,1136,4636,30477,6,21879,45,2724
2002-11-15,268,13,191,1,106,1024,151,2811,303,549,7,228,2535,463,5499,104,24,690,600,7485,1531,5632,33233,45545,1701,,1440,1112,4481,27237,5,21062,43,2634
2002-12-15,299,13,197,1,100,937,165,2795,208,773,7,245,2580,478,5282,107,28,674,610,7703,1582,5799,34252,48054,1815,,1486,1121,4620,31341,5,21415,42,2637
2003-01-15,286,9,209,1,116,1006,156,2918,164,553,7,240,2556,481,5840,110,32,707,623,7703,1686,5695,34336,49045,1800,,1511,1144,4660,30505,5,21667,44,2596
2003-02-15,235,9,189,2,93,880,139,2519,181,507,6,216,2316,434,4800,96,29,634,564,7092,1496,5121,31046,44810,1633,,1413,1032,4179,28420,4,19402,40,2383
2003-03-15,280,10,209,0,103,1035,158,2905,153,549,8,244,2531,481,5775,97,34,692,639,7929,1710,5690,34578,49656,1780,,1540,1132,4524,31682,2,21315,43,2423
2003-04-15,260,12,203,3,190,989,155,2818,355,538,7,231,2405,465,5601,100,31,645,609,7685,1690,5442,33273,47136,1766,,1528,1085,4396,29127,1,20508,38,2482
2003-05-15,259,14,209,2,117,986,158,2877,239,550,7,237,2462,481,5561,102,26,619,632,7861,1664,5616,34030,47418,1813,,1581,1109,4551,30704,4,21046,45,2589
2003-06-15,284,12,203,0,125,958,154,2796,204,521,7,232,2398,465,5350,94,21,629,592,7501,1535,5418,32560,46303,1779,,1544,1077,4312,29734,4,20351,41,2566
2003-07-15,287,13,209,2,123,1010,167,2918,222,530,8,231,2484,481,5501,101,21,628,613,7543,1572,5640,33571,45329,1788,,1626,1104,4454,28724,4,20882,43,2621
2003-08-15,247,12,209,1,113,977,154,2813,224,517,7,233,2481,481,5341,105,26,678,610,7551,1564,5617,33529,47522,1801,,1665,1089,4421,29294,4,20887,41,2574
2003-09-15,277,14,203,1,123,944,153,2834,192,498,7,223,2422,465,5227,101,22,659,593,7300,1537,5462,32843,45608,1830,,1649,1036,4355,28913,5,20277,40,2457
2003-10-15,292,15,209,3,121,992,165,2974,239,500,7,229,2458,481,5380,111,24,670,615,7403,1634,5653,34071,47319,1850,,1783,1097,4464,29981,5,21002,41,2227
2003-11-15,269,12,203,2,122,911,141,2711,236,475,7,219,2399,465,5047,108,21,656,549,7145,1584,5533,32850,44417,1778,,1758,1067,4247,28894,5,20113,39,2416
2003-12-15,286,11,209,2,134,1009,166,2889,130,730,7,217,2497,481,5491,111,24,677,570,7304,1627,5703,33977,46502,1892,,1821,1126,4407,29623,5,20643,40,2404
2004-01-15,290,10,203,1,124,857,130,2846,288,475,7,214,2454,490,5393,115,33,663,598,7194,1629,5754,33797,47261,1832,,1795,1137,4353,30252,1,20442,40,2454
2004-02-15,260,12,190,1,141,835,135,2605,156,464,6,200,2306,458,5009,111,23,599,556,6781,1516,5281,31700,45034,1773,,1671,1099,4073,27071,1,19272,36,2206
2004-03-15,259,14,203,2,150,970,159,2995,194,482,8,213,2546,490,5568,115,38,667,606,7404,1627,5622,33758,47366,1939,,1925,1164,4384,30348,5,20422,40,2435
2004-04-15,256,13,196,2,141,915,155,2777,251,467,7,208,2497,474,5322,109,29,629,578,7061,1589,5383,32461,45396,1901,,1898,1174,4205,28499,5,19784,38,2391
2004-05-15,260,13,203,2,158,925,150,2883,213,468,7,214,2603,490,5583,109,29,619,576,7243,1624,5542,33223,47370,1943,,2007,1239,4338,29192,5,20534,38,2432
2004-06-15,232,14,196,1,143,913,150,2816,220,482,7,203,2533,474,4990,108,28,620,533,6904,1521,5248,31709,43117,1899,,2056,1179,4259,27566,5,19778,37,2267
2004-07-15,235,14,203,1,148,924,152,2795,211,497,8,208,2593,490,5416,118,27,613,569,7168,1594,5357,32762,50590,1885,,2104,1247,4376,25130,5,20233,36,2302
2004-08-15,226,17,203,1,148,937,150,2946,142,499,9,213,2673,490,5484,113,26,648,630,7154,1613,5378,32838,48565,1919,,2147,1260,4449,21720,5,20188,40,2242
2004-09-15,126,15,196,4,144,918,149,2791,246,482,7,205,2610,474,5293,114,37,430,529,6110,1540,5165,32023,35321,1839,,2182,1266,4313,26080,4,19549,41,2241
2004-10-15,235,18,203,1,148,915,150,2833,235,478,7,212,2734,490,5400,117,35,649,541,6645,1665,5342,33090,36867,1879,,2299,1320,4468,28977,6,20153,41,2117
2004-11-15,257,16,196,1,153,930,142,2677,112,467,8,205,2735,474,4959,110,29,648,517,6726,1655,5177,32073,42464,1831,,2273,1310,4316,28408,6,19615,38,2171
2004-12-15,268,14,203,2,137,945,132,2913,282,690,7,211,2868,490,5560,117,28,656,514,6880,1668,5268,33281,46005,1894,,2362,1350,4407,29199,5,20169,39,2252
2005-01-15,279,17,209,2,124,819,111,2566,101,472,7,207,2797,481,5073,117,36,684,528,7015,1502,5353,33740,46253,1893,,2363,1323,4345,28462,5,19546,40,2363
2005-02-15,219,16,189,2,118,772,129,2569,215,430,6,188,2590,434,4832,112,26,619,488,6475,1423,4822,30718,41843,1760,,2334,1228,3979,25674,4,17811,35,1979
2005-03-15,254,17,209,2,238,922,152,2902,268,473,7,211,2957,481,5543,98,32,685,459,7322,1591,5305,34033,48413,1962,,2619,1358,4332,28537,4,19861,39,2339
2005-04-15,242,17,202,2,109,858,151,2825,220,449,7,203,2820,465,5269,112,27,660,530,7148,1525,5067,32706,47214,1873,,2610,1311,4159,26803,4,19070,37,2189
2005-05-15,251,17,209,3,127,864,152,2827,114,472,8,210,2889,481,5346,114,27,677,545,7406,1564,5242,33439,50301,2035,,2724,1402,4308,27682,4,19632,39,2380
2005-06-15,223,17,202,3,130,875,158,2822,283,448,7,199,2869,465,4358,113,25,702,518,7057,1508,5001,32094,46894,1912,,2660,1375,4241,24938,5,19021,37,2108
2005-07-15,136,17,209,3,143,854,153,2802,249,458,8,199,3039,481,5367,109,26,569,533,6821,1515,5062,32887,44896,1933,,2780,1397,4445,24133,5,19493,38,2092
2005-08-15,180,17,209,2,148,881,156,2945,156,478,7,204,3097,481,4412,112,26,623,535,6576,1374,5064,33012,42100,2016,,2919,1437,4443,25904,5,19462,38,2136
2005-09-15,193,17,202,2,143,843,145,2846,256,462,7,202,3041,465,5262,127,29,652,501,3797,1162,4827,31152,13971,1930,,2860,1429,4337,24455,5,18802,36,2258
2005-10-15,208,17,209,3,143,844,150,2880,152,495,7,204,3188,481,5372,123,26,689,533,4710,1564,5249,33176,21383,2016,,2993,1493,4447,26714,4,19402,37,2289
2005-11-15,192,17,202,2,134,821,145,2796,206,465,7,192,3155,465,5227,132,23,648,499,5206,1460,4910,32387,28543,1967,,2926,1433,4367,26156,4,18782,35,2206
2005-12-15,209,17,209,2,140,854,125,2840,316,630,7,189,3232,481,5201,125,21,653,506,5667,1507,5062,33257,35114,1931,,2999,1488,4365,25929,3,19348,36,2167
2006-01-15,199,27,220,1,125,883,191,3010,208,476,7,199,3024,462,5429,125,23,624,495,5908,1527,5177,33639,37193,1968,,3034,1446,4452,25779,4,18682,37,1902
2006-02-15,180,24,199,1,125,783,131,2696,133,442,7,182,2886,417,4743,108,20,596,456,5418,1224,4688,30439,32783,1830,,2737,1298,3966,22979,3,17439,33,1929
2006-03-15,199,27,220,2,196,886,150,3030,240,497,7,198,3253,462,5558,118,23,678,509,6158,1437,5072,33691,37451,2098,,3087,1489,4493,23322,4,19081,36,2173
2006-04-15,195,26,213,1,134,863,145,2930,211,475,7,190,3076,447,5232,97,10,649,492,5936,1440,4869,32383,37011,2022,,2910,1495,4359,24007,4,18341,35,2244
2006-05-15,214,27,220,1,145,892,150,3116,182,494,8,194,3368,462,5499,116,13,638,508,6198,1493,5069,33158,40029,2136,,3076,1501,4473,24838,5,19075,37,2334
2006-06-15,194,26,213,2,141,870,146,2992,237,475,7,192,3319,447,5326,113,12,627,529,6096,1434,4862,31960,39826,2015,,2994,1452,4292,23429,4,18378,34,2241
2006-07-15,213,27,220,1,137,866,142,2999,225,488,8,198,3391,462,5533,114,12,653,483,6352,1509,4969,32932,42558,2097,,3113,1541,4485,21112,7,18819,36,2220
2006-08-15,213,27,220,1,155,889,153,3075,167,490,8,196,3452,462,5439,117,15,622,501,6348,1476,4602,32806,43196,2096,,3121,1578,4487,19244,6,18812,36,2222
2006-09-15,206,26,213,1,146,838,137,2978,234,472,7,189,3355,447,5302,115,17,592,477,6111,1431,4908,32121,39540,2026,,3061,1552,4362,19650,5,18288,34,2085
2006-10-15,193,27,220,2,138,858,138,3032,112,479,8,194,3495,462,5423,123,18,632,505,6248,1463,5060,33438,41333,2171,,3131,1536,4560,22132,5,18975,36,2208
2006-11-15,192,26,213,1,140,842,148,3013,167,463,7,191,3432,447,5143,118,15,606,495,6286,1420,5068,32506,39850,2073,,2961,1531,4436,19649,5,18305,34,2141
2006-12-15,162,27,220,2,143,855,141,2798,224,597,7,190,3540,462,5610,126,16,623,499,6558,1502,5108,33408,41308,1969,,3070,1509,4609,24339,4,18820,37,2287
2007-01-15,190,32,237,1,155,803,136,2676,199,470,7,178,3549,438,4920,114,21,613,501,6521,1518,5011,32790,41449,1890,0.0,3064,1464,4522,23934,3,18750,39,2149
2007-02-15,167,29,214,2,137,659,116,2627,148,437,6,167,3253,395,4828,108,15,540,474,5915,1543,4659,30189,37106,1802,0.0,2720,1456,4122,21088,3,16528,34,1812
2007-03-15,163,32,237,2,223,874,146,3051,249,466,6,194,3632,438,5529,128,26,627,520,6693,1910,5040,33491,39556,2191,0.0,3015,1658,4602,23137,4,18658,36,2163
2007-04-15,168,31,229,2,166,786,140,3077,86,439,6,193,3533,424,5363,121,20,531,491,6454,1611,4915,32475,40177,2225,0.0,2880,1647,4523,22344,3,18178,37,2131
2007-05-15,161,32,237,2,176,838,142,3196,365,477,7,199,3706,438,5564,131,19,579,524,6660,1658,4995,33240,41935,2308,0.0,3016,1746,4638,23724,4,18726,37,2065
2007-06-15,152,31,229,1,175,790,146,3012,234,455,7,193,3640,424,5165,125,25,573,503,6383,1667,4786,31745,39149,2187,0.0,2877,1642,4482,21430,4,17960,31,2032
2007-07-15,152,32,237,2,153,834,142,3155,219,477,7,208,3807,438,5464,142,24,616,508,6502,1746,4892,32829,39277,2231,0.0,2953,1688,4527,22198,4,18600,30,2080
2007-08-15,163,32,237,2,168,831,154,3406,247,463,7,209,3831,438,5356,146,28,640,508,6395,1768,4989,32978,39031,2303,0.0,2941,1693,4617,19957,1,18395,33,2091
2007-09-15,184,31,229,2,155,816,140,3045,250,462,7,196,3780,424,5553,157,30,620,492,6253,1738,4787,32077,35513,2157,0.0,2819,1613,4469,19179,5,17865,33,1982
2007-10-15,184,32,237,2,164,824,162,3349,108,491,7,208,3977,438,4529,175,25,601,503,6368,1830,5044,33226,39396,2361,0.0,2957,1654,4599,21642,5,18570,36,1978
2007-11-15,190,31,229,1,155,785,152,3171,263,474,8,196,3894,424,5325,160,25,571,497,6317,1819,4955,32514,35495,2295,0.0,2781,1627,4491,22188,4,17879,31,2077
2007-12-15,203,32,237,2,166,769,152,2826,298,616,6,195,4186,438,5305,158,25,660,510,6517,1864,5104,33705,39886,2235,0.0,2884,1647,4524,22773,3,18410,31,2063
2008-01-15,201,33,254,2,170,812,156,3385,108,507,6,191,4233,431,5827,151,24,642,520,6377,1785,5046,33911,40439,2250,0.0,2791,1652,4443,22027,3,18170,32,1990
2008-02-15,168,31,238,1,167,682,132,3053,256,530,6,183,3975,403,4794,142,26,620,479,6053,1688,4815,32011,38811,2224,0.0,2581,1576,4164,20479,1,17000,31,1977
2008-03-15,184,33,254,1,225,806,141,3285,155,557,7,197,4428,431,5845,153,30,655,512,6536,1848,5141,34544,40682,2472,0.0,2738,1762,4516,22517,5,18194,36,1977
2008-04-15,172,32,246,1,197,798,143,3240,199,509,7,190,4488,417,5716,149,29,537,504,6374,1746,4857,33394,39437,2434,0.0,2625,1819,4460,21033,4,17718,36,1889
2008-05-15,104,33,254,1,187,788,156,3244,412,538,9,194,4807,431,5842,86,34,665,514,6562,1837,5009,34404,40241,2521,0.0,2674,1871,4509,21240,5,18239,37,1989
2008-06-15,156,32,246,2,180,777,141,3204,156,497,8,190,4946,417,5576,144,27,632,501,6445,1942,4826,32917,39779,2471,0.0,2582,1812,4329,19655,5,17504,36,1998
2008-07-15,172,33,254,1,168,834,162,3200,215,523,9,197,5322,431,5702,150,25,651,517,6628,1852,5059,34430,42526,2518,0.0,2605,1887,4482,19829,5,18175,37,1878
2008-08-15,161,33,254,2,172,803,169,3408,323,534,9,213,5506,431,5813,148,33,657,517,6282,1841,5039,34417,39428,2540,0.0,2605,1919,4494,16878,5,18241,39,2178
2008-09-15,156,32,246,1,171,798,165,3475,130,511,10,213,5656,417,5576,147,25,635,485,3386,1796,4701,31659,7271,2648,0.0,2584,1881,4334,20432,5,17600,38,2024
2008-10-15,175,33,254,1,171,813,176,3451,244,532,10,217,6285,431,5726,148,33,659,518,5754,1983,5226,34876,24901,2662,0.0,2674,1986,4482,22192,5,18178,39,2034
2008-11-15,178,32,246,1,151,745,157,3321,327,517,10,203,6433,417,5437,137,23,665,499,5941,1843,5120,34236,32687,2619,0.0,2573,1966,4413,21846,4,17571,37,1987
2008-12-15,125,33,254,1,168,774,162,3396,120,613,9,207,6243,431,5445,144,28,677,512,6008,1944,5316,35140,37098,2588,0.0,2565,1908,4419,21765,7,17941,37,2106
2009-01-15,58,28,247,1,85,704,131,3457,315,542,8,202,5821,415,5459,154,23,639,504,5872,1928,5310,35126,39722,2625,0.0,2518,2000,4457,21039,3,17949,37,2089
2009-02-15,53,26,223,1,97,702,137,3138,190,497,7,185,5385,375,5444,135,21,577,462,5388,1755,4907,31594,37044,2448,0.0,2305,1838,4002,19820,3,16092,33,1817
2009-03-15,55,28,247,1,178,839,154,3337,170,516,7,195,6055,415,5687,143,24,635,494,5926,1940,5370,34662,42015,2662,0.0,2509,2015,4349,21982,4,17874,38,1250
2009-04-15,59,27,239,1,110,757,150,3273,105,502,8,184,5907,402,5581,140,23,614,485,5839,1945,4991,33294,43956,2445,0.0,2385,1930,4278,19577,3,17204,33,1899
2009-05-15,66,28,247,1,104,760,137,3282,343,517,8,192,6384,415,5862,137,22,619,494,5930,1955,5178,33744,48157,2552,0.0,2438,2021,4393,21008,4,17771,33,1880
2009-06-15,57,27,239,1,175,752,142,3299,154,508,8,187,6458,402,5753,139,27,576,474,5711,1891,4880,32116,46834,2503,0.0,2322,1909,4264,17122,4,17166,34,1944
2009-07-15,59,28,257,1,105,771,157,3422,318,508,8,188,7069,415,5685,135,22,578,486,5742,1959,4969,32943,53789,2519,0.0,2336,1913,4291,17089,5,17536,35,1997
2009-08-15,63,28,257,1,114,760,158,3294,120,511,8,187,7204,415,5659,134,20,594,494,5805,1966,5074,33070,53768,2555,0.0,2279,1907,4249,17733,4,17520,44,1950
2009-09-15,60,27,249,1,163,768,157,3287,314,514,8,182,7141,402,5571,134,21,573,476,5742,1911,4945,32423,52569,2488,0.0,2212,1820,4220,19562,4,16951,33,1832
2009-10-15,54,28,257,1,108,782,162,3244,215,539,9,185,7460,415,5639,141,21,596,461,5902,2019,5205,33501,53490,2515,0.0,2241,1914,4391,20419,5,17356,36,1946
2009-11-15,53,27,249,1,99,735,157,3256,149,523,12,179,7397,402,5479,140,20,586,459,5424,1988,5180,33047,46895,2552,0.0,2134,1826,4348,19865,4,16757,42,1855
2009-12-15,60,28,257,1,164,769,161,3176,216,581,13,174,7509,415,5355,132,24,603,466,5686,2071,5169,33808,52069,2531,0.0,2157,1849,4289,20295,2,17088,39,1848
2010-01-15,101,32,272,1,136,679,137,3191,327,611,12,182,7293,405,5190,114,22,563,470,5399,2020,5261,34061,51305,2681,0.0,2094,1836,4345,19849,2,17018,37,1880
2010-02-15,114,29,245,1,119,727,136,3014,135,547,13,171,7288,366,5229,132,20,499,440,5086,1868,5002,31391,47896,2473,0.0,1981,1703,4001,17782,2,15359,34,1693
2010-03-15,125,32,272,1,148,810,161,3433,157,602,16,191,8568,405,5983,140,22,597,496,5726,2036,5569,35243,49591,2725,0.0,2169,2017,4524,20030,1,17165,39,1980
2010-04-15,133,31,263,1,157,796,154,3426,176,552,17,185,8510,392,5808,129,21,552,472,5504,1938,5242,34104,44439,2650,0.0,2061,1983,4389,19190,2,16608,37,1847
2010-05-15,166,32,272,1,153,750,144,3380,304,544,15,194,9224,405,5806,129,22,577,493,5770,2010,5503,35528,47629,2773,0.0,2140,2079,4547,17710,4,17186,39,1896
2010-06-15,158,31,263,1,174,768,158,3442,205,550,15,190,9400,392,5667,125,21,565,483,5605,1948,5267,34161,46298,2574,0.0,2045,2055,4394,16034,5,16525,32,1835
2010-07-15,170,32,278,2,163,774,160,3442,213,584,12,197,9932,405,5910,134,22,615,479,5804,2018,5537,35725,44454,2566,0.0,2145,2151,4516,16886,4,17040,34,1830
2010-08-15,168,32,278,1,156,756,161,3469,132,597,10,204,10183,405,5919,139,22,629,478,5806,2027,5567,36196,48214,2879,0.0,2153,2191,4523,16686,3,17108,34,1740
2010-09-15,157,31,269,1,161,761,158,3392,273,610,9,198,10258,392,5804,149,21,626,475,5706,1967,5332,35737,47597,2869,0.0,2139,2141,4439,18413,5,16605,34,1745
2010-10-15,154,32,278,1,167,771,157,3396,210,600,9,203,10610,405,6101,143,22,634,490,5848,2036,5759,37680,48518,2950,0.0,2190,2210,5269,19173,5,16717,36,1773
2010-11-15,155,31,269,1,164,732,156,3321,72,573,10,205,10667,392,6319,139,21,639,473,5575,2002,5706,37306,44465,2901,0.0,2097,2123,4435,18185,4,16420,35,1680
2010-12-15,176,32,278,0,144,744,153,3564,313,610,9,211,10623,405,6461,135,22,658,485,5762,2111,5823,39635,46221,3027,0.0,2118,2174,4509,18966,0,16619,36,1808
2011-01-15,172,32,297,1,161,728,151,3352,165,627,10,204,10587,395,6337,138,30,638,486,5692,2087,5922,39724,48405,2905,0.0,2031,2084,4400,14378,2,16581,34,1638
2011-02-15,147,29,268,1,148,615,145,3049,95,555,10,184,9724,357,5050,124,22,596,450,5157,1866,4604,34376,39523,2754,0.0,1867,1910,3994,17114,2,15115,31,1474
2011-03-15,173,32,297,1,179,809,161,3659,211,596,11,206,11128,395,6973,139,25,664,503,6002,2031,6028,41452,43067,3242,0.0,2059,2193,4548,18940,2,16691,32,1710
2011-04-15,166,31,287,1,172,719,150,3416,194,559,12,202,10493,383,6629,133,24,649,483,5622,1975,5805,40467,40387,3212,0.0,1951,2144,4469,18183,2,16205,32,1703
2011-05-15,169,32,297,1,181,728,143,3582,190,581,11,218,11236,395,6928,128,25,707,502,5821,2040,5975,43185,42564,3286,0.0,2016,2195,4600,18043,3,16842,36,1702
2011-06-15,162,31,287,1,168,749,165,3490,209,568,10,219,11533,383,6804,125,24,687,489,5547,1977,5802,42019,39751,3226,0.0,1959,2163,4557,16603,3,16226,36,1698
2011-07-15,164,32,286,1,182,774,170,3443,276,562,10,213,13153,395,6935,139,25,717,508,5723,2082,6096,44557,37539,3296,0.0,2026,2215,4693,14036,2,16599,36,1751
2011-08-15,144,32,286,1,238,814,181,3644,179,585,9,216,13777,395,6973,141,25,745,506,5826,2047,6211,46208,39433,3440,0.0,2044,2241,4681,16310,6,16570,35,1677
2011-09-15,173,31,277,1,186,789,177,3419,210,582,9,218,13867,383,6995,137,24,700,503,5575,1970,6024,46145,32696,3406,0.0,1965,2225,4502,17544,3,15974,35,1669
2011-10-15,187,32,286,1,180,822,184,3401,198,615,9,225,15148,395,7406,146,25,735,513,6155,2030,6246,49470,40006,3560,0.0,2099,2338,4719,17539,4,16559,33,1711
2011-11-15,182,31,277,1,176,804,182,3639,95,599,9,217,15258,383,7401,141,24,754,512,5992,1953,6367,49822,38344,3551,0.0,2063,2268,4643,17794,4,16145,34,1495
2011-12-15,185,32,286,1,176,809,177,3407,305,611,8,221,16533,395,7591,144,25,781,2482,6165,1985,6439,52388,38977,3640,0.0,2077,2300,4710,18345,3,16665,34,1592
2012-01-15,182,31,332,1,187,803,172,3696,106,629,11,274,16922,434,7949,157,31,775,537,5980,1962,6729,53525,40528,3739,0.0,2060,2324,4714,18374,4,16649,32,1623
2012-02-15,174,29,310,1,192,780,165,3428,649,600,11,238,16140,406,7394,146,29,732,532,5507,1862,6285,51426,38455,3563,0.0,1990,2204,4524,16885,3,15602,32,1490
2012-03-15,180,31,332,1,225,822,188,3652,364,632,11,277,17958,434,7892,152,31,787,564,5974,2054,6798,55831,42624,3942,0.0,2081,2414,4915,17592,4,16552,32,793
2012-04-15,163,30,321,1,211,805,166,3591,51,625,11,253,18285,420,7683,142,30,751,542,5844,1994,6702,56142,37977,3693,0.0,2127,2374,4665,16572,4,16227,31,1165
2012-05-15,171,31,332,1,204,847,186,3750,411,632,16,254,19886,434,8350,153,31,753,562,6135,2094,6956,59346,37051,4099,0.0,2186,2474,4854,16926,3,16719,32,1578
2012-06-15,179,30,321,1,205,812,181,3565,242,607,15,266,19866,420,7934,146,30,751,535,5830,2008,6837,58515,33418,3798,0.0,2040,2438,4663,14790,4,16236,30,1551
2012-07-15,189,31,399,1,184,827,184,3645,226,608,16,257,20884,434,8634,147,31,787,538,6134,2043,7336,61955,38801,4039,0.0,2248,2566,4882,12872,5,16783,30,1652
2012-08-15,173,31,399,1,217,837,199,3725,220,635,17,216,21747,434,8893,144,31,826,548,5545,1999,7319,63736,34025,4119,0.0,2300,2665,4956,12539,5,16777,31,1559
2012-09-15,172,30,386,0,191,785,202,3530,242,603,16,243,21785,420,8512,139,30,826,549,5183,1968,7338,62744,35336,4193,0.0,2259,2638,4812,15062,5,16102,29,1610
2012-10-15,181,31,399,1,232,828,248,3858,215,621,18,268,23149,434,9377,143,31,847,564,6388,2074,7781,66836,41152,4782,0.0,2446,2774,4948,16946,5,16822,30,1626
2012-11-15,188,30,386,1,256,809,241,3673,189,603,17,244,21999,420,9117,144,30,837,573,6177,2009,7586,66623,41176,4796,0.0,2348,2685,4853,16596,6,16182,29,1648
2012-12-15,184,31,399,0,269,779,219,3639,280,655,17,233,23733,434,9263,142,31,854,559,6310,2071,7883,69263,42727,4997,0.0,2410,2654,5022,17248,5,16559,29,1383
2013-01-15,187,31,401,1,352,818,226,3956,184,688,19,166,22815,484,9769,150,28,901,572,6163,2063,7879,70525,41292,4843,0.0,2387,2578,4945,17012,5,16540,27,1563
2013-02-15,167,28,362,1,366,726,186,3260,192,626,14,152,21790,437,7773,142,26,809,524,5668,1861,7222,65442,36825,4530,0.0,2196,2453,4652,15146,5,15002,28,1462
2013-03-15,200,31,401,1,466,812,205,4089,197,666,15,170,24280,484,10054,165,28,889,568,6193,2057,8044,74084,38836,5066,0.0,2479,2775,5384,16527,5,16891,30,1554
2013-04-15,120,30,388,1,464,792,201,4002,185,618,16,164,23699,548,10176,154,27,844,554,5921,2032,8346,72758,40077,5036,0.0,2474,2725,5145,15676,5,16436,29,1561
2013-05-15,169,31,401,1,588,802,196,4065,194,645,18,174,25033,566,10492,149,28,878,558,6204,2077,8704,77408,37237,5155,0.0,2525,2918,5402,15977,7,16992,27,1480
2013-06-15,167,30,388,1,677,755,198,3829,205,618,17,169,24616,548,10348,144,27,831,541,6029,1958,8543,76032,33661,5074,0.0,2398,2821,5243,14567,6,16340,28,1505
2013-07-15,172,31,499,1,777,834,200,3911,201,649,15,184,26942,820,10413,147,28,875,550,6188,2059,8893,80117,38368,5553,0.0,2553,3038,5247,15282,6,16902,29,1693
2013-08-15,197,31,499,1,779,839,205,3990,191,659,18,198,28136,820,11272,158,28,894,571,6173,2055,9011,81173,36738,5863,0.0,2558,3136,5541,13270,5,16988,28,1536
2013-09-15,200,30,483,1,672,782,186,3841,186,647,17,203,27917,794,11053,163,27,850,544,5931,1950,8958,80149,39577,5683,0.0,2414,3112,5441,15332,4,16421,28,1547
2013-10-15,203,31,499,1,649,819,202,4164,196,660,18,240,29174,855,11601,156,28,897,570,5929,2013,9336,83475,36482,6478,0.0,2492,3247,5544,16136,5,16915,26,1526
2013-11-15,197,30,483,0,711,770,198,3845,182,637,17,257,29214,828,10510,163,27,867,546,5828,1936,8583,80890,39083,6447,0.0,2429,3157,5540,16077,4,16565,27,1515
2013-12-15,196,31,499,1,739,791,196,3893,190,679,16,291,28741,855,10910,160,28,875,570,5988,1996,9271,86304,39849,6492,0.0,2383,3058,5394,16922,4,16935,27,1622
2014-01-15,188,30,563,1,599,700,163,4280,197,633,15,263,28897,1028,11968,157,28,800,559,5747,1900,9522,88208,40433,6552,0.0,2412,3186,5644,16790,4,17137,26,1611
2014-02-15,166,27,509,1,561,658,155,3553,187,613,14,202,26468,929,10477,138,25,773,515,5286,1791,8935,81201,37258,6016,0.0,2229,2980,5160,14427,5,15455,24,1430
2014-03-15,190,30,563,1,638,785,195,4077,198,677,16,221,30032,1028,12068,153,28,838,574,6028,1981,10026,91888,40992,7196,0.0,2452,3350,5940,16432,5,17098,27,1291
2014-04-15,189,29,545,1,535,804,181,4067,209,641,25,200,29887,1162,10593,144,27,791,537,5725,1929,9955,91541,42737,7111,0.0,2427,3379,5880,16102,5,16772,26,1440
2014-05-15,191,30,563,1,588,813,203,4233,208,634,18,202,31917,1200,12692,147,28,836,571,5954,1999,10354,95211,43798,7832,0.0,2455,3493,6237,16247,4,17423,27,1619
2014-06-15,204,29,545,1,584,786,199,3916,213,599,17,190,32486,1162,12194,146,27,805,559,5802,2004,9956,94349,42350,7882,0.0,2436,3441,6264,14535,4,16746,27,1569
2014-07-15,194,30,600,1,603,839,217,4257,229,615,17,194,34285,1375,13208,153,28,801,576,5772,2050,10722,99863,44256,8386,0.0,2576,3512,6434,13094,6,17396,28,1636
2014-08-15,180,30,600,2,662,836,221,4217,219,603,15,202,34827,1375,13156,148,28,793,575,5836,2061,10782,101507,44497,8777,0.0,2561,3525,6669,12337,6,17575,26,1666
2014-09-15,171,29,581,1,676,821,239,4197,231,591,15,193,35224,1331,13057,149,27,818,570,5689,2049,10163,98584,42662,8432,0.0,2529,3469,6672,14323,5,17042,26,1542
2014-10-15,185,30,600,2,704,865,244,4437,236,619,16,204,36381,1561,13888,152,28,836,593,5861,2220,11500,104185,44282,9034,0.0,2613,3583,7181,15504,5,17617,26,1565
2014-11-15,183,29,581,1,695,778,221,4078,205,581,14,209,35369,1511,13293,150,27,849,561,5586,2156,11319,103533,41658,8858,0.0,2538,3446,6740,15386,4,17085,25,1534
2014-12-15,192,30,600,2,723,863,237,4206,293,621,14,206,37789,1561,13880,160,28,892,585,5887,2256,11828,109949,45017,9593,0.0,2672,3550,7270,15953,4,17420,27,1605
2015-01-15,193,24,569,2,720,794,211,4169,279,603,14,201,36686,1971,13862,158,25,852,558,5701,2194,11409,106701,45010,9805,0.0,2585,3454,7295,15510,3,17475,25,1638
2015-02-15,182,22,572,1,674,664,181,3745,256,537,11,202,32773,1780,11787,141,23,800,492,5158,2013,11018,99602,40757,9058,0.0,2414,3081,6680,13658,3,15735,22,1526
2015-03-15,173,24,629,1,795,754,190,4205,118,590,13,224,36648,1971,14880,150,25,874,545,5528,2251,12997,112194,42790,10214,0.0,2626,3424,7640,15684,4,17393,24,1387
2015-04-15,124,23,600,1,761,839,194,3815,128,550,13,210,34951,2298,14273,146,24,792,518,5313,2198,12814,107127,45120,10075,0.0,2463,3252,7529,15296,5,16797,25,1290
2015-05-15,206,24,626,1,769,816,186,3793,416,565,13,208,37086,2375,14313,142,25,846,531,5469,2261,13230,108827,43525,10469,0.0,2508,3315,7456,14650,4,17333,24,1429
2015-06-15,196,23,581,1,765,786,183,4075,188,536,12,197,36114,2298,13975,132,24,804,517,5234,2086,12489,103703,42390,10053,0.0,2355,3088,7080,13397,4,16483,24,713
2015-07-15,194,24,609,1,714,816,177,3886,278,546,13,203,37213,2362,13826,135,25,812,523,5305,2097,12580,106744,48573,10590,0.0,2381,3142,7291,13940,5,16879,25,600
2015-08-15,196,24,574,1,658,808,190,3760,225,547,13,201,36611,2362,13725,138,25,794,520,5327,2044,12882,105674,50517,10712,3.0,2337,3089,7253,12642,4,16942,24,584
2015-09-15,182,23,561,1,623,820,183,3608,235,522,12,196,34659,2286,13512,131,24,795,512,5242,1966,12470,102304,49835,10162,7.0,2235,2870,7019,14172,3,16376,22,561
2015-10-15,191,24,586,1,586,832,184,3635,309,537,13,195,36133,2493,14056,133,25,807,516,5313,2012,12640,105194,48942,10628,7.0,2266,2900,7214,15407,2,16829,23,585
2015-11-15,184,23,576,1,550,760,163,3192,74,514,11,183,35226,2413,13205,128,24,758,491,5035,1897,12428,101675,45718,10172,6.0,2172,2716,6932,15685,0,16336,23,569
2015-12-15,187,24,608,1,687,828,176,3598,357,518,12,180,35495,2493,14134,129,25,760,500,5105,1902,11139,102993,49752,10195,7.0,2210,2805,7068,16190,1,16705,23,571
2016-01-15,180,19,555,1,690,693,142,3373,232,498,11,175,34547,2157,14064,129,22,750,486,4924,1872,11737,103746,49388,10240,9.0,2130,2717,6743,15985,1,16665,28,564
2016-02-15,162,18,504,1,628,697,133,3179,117,464,10,153,32249,2018,11683,118,20,672,458,4731,1716,11794,95901,44939,9414,13.0,1972,2445,6126,14713,1,15371,22,501
2016-03-15,173,19,552,1,623,785,160,3479,252,479,11,168,34219,2157,13674,122,22,692,470,5043,1771,12590,101182,49964,9842,25.0,2071,2547,6525,15842,1,16349,22,539
2016-04-15,159,18,579,1,605,723,149,3067,167,455,10,162,31052,1890,12406,115,21,652,468,4871,1720,12145,96811,47213,9549,24.0,1950,2500,6204,14665,1,15517,22,498
2016-05-15,163,19,565,1,642,727,152,3274,102,477,10,165,32243,1953,13357,123,22,687,461,4979,1774,12181,98289,49378,9620,26.0,1993,2553,6106,15658,0,15726,24,561
2016-06-15,158,18,485,1,620,747,160,3236,324,467,10,165,30615,1890,12741,115,21,659,453,4729,1674,11678,94397,46529,9240,25.0,1908,2389,5786,14103,0,14511,24,507
2016-07-15,151,19,498,0,681,692,150,3131,266,473,9,171,31721,1719,12826,118,22,670,450,4795,1714,12146,97538,48621,9911,23.0,1934,2493,6010,13584,0,15673,24,495
2016-08-15,163,19,501,1,691,742,158,3139,164,474,10,171,30261,1719,12970,118,22,669,465,4772,1680,12167,97485,50163,9977,10.0,1888,2565,5846,14265,0,15715,24,516
2016-09-15,153,18,473,1,589,708,154,3023,169,456,10,162,28965,1663,12390,113,21,659,453,4706,1594,12020,93865,45262,9592,15.0,1827,2480,5608,13598,0,15161,24,480
2016-10-15,160,19,480,1,621,713,151,3102,137,480,11,170,32142,1604,13154,113,22,681,454,4825,1635,12655,98075,49802,9883,13.0,1891,2624,6001,15383,1,15534,24,505
2016-11-15,159,18,492,0,620,688,151,2983,297,460,10,160,30794,1552,12852,113,21,656,443,4508,1590,12485,95149,50496,9381,15.0,1836,2551,5838,15433,1,14964,23,485
2016-12-15,154,19,499,0,625,721,159,2958,369,469,10,160,28993,1604,12917,108,22,666,455,4530,1647,13035,98263,53829,9319,16.0,1776,2664,5865,16148,1,14894,23,493
2017-01-15,162,17,480,1,649,687,154,3002,150,477,10,161,30270,1724,12631,110,23,632,447,4459,1573,12980,99154,54278,9099,12.0,1779,2663,5740,16055,1,15016,23,508
2017-02-15,143,15,415,1,601,658,140,2889,120,429,9,153,28708,1557,11551,104,21,569,416,4118,1409,12416,92703,49101,8215,11.0,1646,2484,5347,14434,1,13873,21,439
2017-03-15,176,17,472,1,618,727,157,3076,255,455,11,170,31504,1724,13680,115,23,621,459,4541,1576,13705,102960,54991,9507,11.0,1795,2834,6301,16300,1,14878,25,510
2017-04-15,169,16,487,1,617,676,155,2976,346,456,10,162,31210,1607,12897,113,22,579,439,4473,1516,13359,99874,49941,9783,11.0,1725,2725,6132,15759,1,14406,22,495
2017-05-15,176,17,487,1,678,683,142,3104,147,472,10,166,31843,1661,13405,105,23,595,451,4488,1545,14313,105664,52270,10310,8.0,1795,2931,6278,15734,1,14823,25,504
2017-06-15,157,16,456,0,687,699,150,3043,215,459,10,164,30678,1607,13632,107,22,566,434,4214,1411,13281,103229,48940,9911,7.0,1734,2923,6061,13843,1,14239,24,484
2017-07-15,172,17,613,0,687,673,146,2983,124,481,10,167,32253,1701,13888,109,23,559,450,4380,1469,13852,107466,54461,10732,7.0,1758,2931,6358,13102,1,14951,27,497
2017-08-15,170,17,583,1,738,719,156,3080,333,480,10,160,33434,1701,14317,111,23,561,445,4293,1499,14217,104372,53380,11608,6.0,1773,3058,6432,13971,1,14955,25,487
2017-09-15,135,16,561,0,688,692,142,2837,212,459,9,157,32812,1646,13928,107,22,539,431,4136,1460,14985,106522,50801,11974,5.0,1692,2947,6464,14465,1,14080,23,454
2017-10-15,153,17,677,0,805,696,149,2999,14,489,9,162,36308,1696,15049,112,23,545,446,4052,1471,16191,116642,45956,12664,4.0,1714,3045,6846,15705,2,14541,24,468
2017-11-15,148,16,628,1,826,700,146,2984,243,453,9,157,35483,1641,15135,107,22,533,431,4170,1427,15842,116714,50943,12631,4.0,1641,2929,6790,15297,1,14049,24,455
2017-12-15,163,17,602,1,854,701,143,2851,317,463,9,155,36082,1696,15366,104,23,532,436,4197,1427,17191,122008,48646,13509,4.0,1665,2969,6996,15883,1,14137,22,415
2018-01-15,163,19,524,0,924,599,120,2931,63,478,4,153,36056,1628,16316,110,18,513,425,3855,1407,16764,120774,50767,13382,5.0,1696,3130,6909,15739,1,14073,23,419
2018-02-15,148,17,508,1,806,620,135,2684,124,435,7,151,32499,1471,14243,102,16,479,389,3773,1352,16380,112679,47953,11852,6.0,1554,2877,6284,14367,1,13050,21,396
2018-03-15,168,19,548,0,932,714,141,3041,369,451,9,172,35566,1628,17161,109,18,535,425,4159,1471,19055,129755,52846,13320,8.0,1686,3320,7237,15878,1,13278,21,438
2018-04-15,137,18,556,0,895,672,129,2889,106,439,8,160,36281,1736,16000,105,17,513,421,4003,1405,19271,126892,48081,13363,13.0,1704,2999,7040,14922,1,13572,21,425
2018-05-15,147,19,579,0,905,736,158,3086,206,467,9,167,38136,1794,16483,108,18,504,437,4236,1449,19985,131421,47628,13737,13.0,1810,2941,7197,15367,0,13188,21,428
2018-06-15,157,18,535,0,919,694,143,2927,276,470,8,163,36472,1736,15402,104,17,483,419,4039,1392,19685,131192,49913,12693,13.0,1764,2795,6922,13521,1,13931,19,413
2018-07-15,164,19,546,0,1034,734,142,2957,116,488,8,175,38997,2144,16413,105,18,493,421,4114,1428,20631,136928,57877,13501,10.0,1798,3102,7292,12237,1,13644,19,426
2018-08-15,118,19,532,1,1244,763,150,3008,174,478,9,173,39633,2144,18051,108,18,492,424,4113,1426,22111,141952,60605,14820,6.0,1919,3199,7775,13259,1,14112,20,422
2018-09-15,156,18,548,0,1247,690,131,2787,307,453,9,165,40274,2075,16579,107,17,472,414,3867,1368,22011,140264,53939,14670,3.0,1863,3255,7776,14144,1,13279,22,396
2018-10-15,165,19,581,0,1358,744,147,2879,63,466,9,166,42670,2234,17874,108,18,479,419,4053,1442,24027,145587,54301,15668,3.0,1894,3262,7780,15083,1,12901,24,331
2018-11-15,159,18,490,1,1197,731,146,2768,196,445,8,161,40870,2162,17383,104,17,460,404,3883,1399,23860,144437,58516,15783,5.0,1914,3140,7625,14919,1,13152,22,384
2018-12-15,158,19,442,1,1277,719,141,2757,265,458,8,157,42960,2234,18804,103,18,464,402,3987,1408,25522,150841,59546,16353,3.0,1953,3098,8123,15366,1,12479,23,397
2019-01-15,161,24,542,0,1307,687,139,2807,179,440,7,157,42944,2004,18367,104,18,454,405,3924,1450,25098,149084,59442,15826,3.0,1925,3116,8115,15383,1,13562,23,368
2019-02-15,151,21,407,0,1102,586,120,2486,143,410,7,137,36947,1810,15511,95,16,417,370,3568,1316,23202,136620,48629,13940,2.0,1644,2870,7412,13653,0,12422,21,257
2019-03-15,158,24,471,1,1068,699,139,2838,289,453,8,152,42673,2004,18250,103,18,430,405,3984,1444,26719,150945,59683,14901,2.0,1882,3184,8182,14913,0,12946,20,274
2019-04-15,149,23,572,0,1156,698,132,2815,49,442,8,159,41211,2167,18333,98,17,411,393,3797,1400,26116,149175,58892,14901,2.0,2046,3154,8258,14264,1,13122,21,349
2019-05-15,153,24,560,0,1232,713,103,2790,220,460,8,159,42662,2239,18427,97,18,412,412,3901,1432,27758,155166,59319,15840,2.0,2080,3260,8625,14708,0,13470,25,400
2019-06-15,171,23,461,1,1379,605,118,2908,312,428,7,155,42212,2167,17643,95,17,380,391,3763,1385,26605,151394,57833,15897,2.0,1914,3118,8086,13658,1,13127,23,378
2019-07-15,169,24,463,0,1582,713,136,2909,141,438,8,162,44293,2689,18249,97,18,392,408,3584,1417,27637,158517,47470,16183,2.0,1857,3118,8684,13954,1,13396,22,377
2019-08-15,161,24,515,1,1628,712,135,2740,195,432,7,161,45328,2689,17670,98,18,398,411,3947,1413,29115,160342,63361,16571,2.0,1851,3097,8640,11858,1,13180,23,400
2019-09-15,162,23,535,1,1635,702,135,2733,209,418,7,157,42790,2603,18717,93,17,381,412,3853,1382,29687,157510,57463,15989,1.0,1806,2948,8745,13482,1,12849,23,402
2019-10-15,168,24,549,0,1842,704,141,2781,192,452,7,158,46443,2559,19187,96,18,393,410,3880,1431,30810,165423,59326,17613,2.0,1978,3052,9133,14718,1,13163,24,413
2019-11-15,161,23,510,1,1691,686,137,2594,145,420,7,154,44975,2477,17649,96,17,393,405,3755,1398,31523,161984,60038,17296,1.0,2013,2919,8931,14523,1,12605,22,406
2019-12-15,173,24,533,0,1633,736,144,2792,430,434,6,156,45194,2559,18928,96,18,400,405,3857,1411,32728,168832,61375,17274,0.0,2003,3096,9349,14922,1,12508,23,426
2020-01-15,169,20,519,0,1786,740,137,2719,109,434,6,163,43806,2240,17309,96,13,392,409,3819,1401,33253,169076,61628,16751,0.0,1919,2970,9105,14956,1,12443,22,419
2020-02-15,154,19,472,0,1673,634,123,2606,345,413,6,154,41706,2095,16153,89,12,365,376,3465,1304,31808,156784,57845,15285,0.0,1740,2769,8159,13823,1,12258,21,387
2020-03-15,164,20,456,1,1563,664,120,2675,103,410,5,158,44057,2240,16937,91,13,380,390,3623,1341,34873,169021,61270,16045,0.0,1922,2937,8832,14556,0,11652,22,408
2020-04-15,128,20,417,0,1388,462,25,1849,190,308,6,131,36294,1933,14474,78,12,355,282,3109,1112,30708,153735,57315,15370,0.0,1572,2416,7224,13881,0,12351,19,388
2020-05-15,45,20,442,0,1376,340,53,1475,217,172,5,98,26378,1997,9937,76,13,297,253,2477,784,26287,131027,49738,14523,0.0,1221,2158,5078,12528,0,11976,14,404
2020-06-15,80,20,386,0,1500,639,142,2514,88,302,6,128,26559,1933,14073,80,12,324,348,2799,1143,28357,137976,46644,13799,0.0,1395,2284,6725,10857,0,12000,15,371
2020-07-15,130,20,381,0,1473,656,127,2520,169,350,2,131,32016,2159,15232,84,13,362,358,3193,1197,30691,146314,51357,14510,0.0,1624,2627,7358,13764,0,12230,18,365
2020-08-15,130,20,413,0,1711,620,123,2564,225,369,5,147,35795,2159,14247,87,13,374,337,2730,1214,31374,144841,36882,14452,0.0,1584,2688,7465,13751,0,11902,20,362
2020-09-15,113,20,453,0,1824,595,117,2327,183,361,6,143,36286,2089,13288,85,12,332,339,2646,1169,31099,139062,46162,13215,0.0,1542,2541,7318,13252,1,11938,18,350
2020-10-15,119,20,444,0,1812,611,119,2333,280,367,5,142,37730,1788,13267,85,13,378,349,2648,1184,33587,143912,33241,12958,0.0,1578,2514,7275,14240,0,11865,19,356
2020-11-15,123,20,402,1,1705,566,114,2285,78,337,5,137,36404,1730,14109,84,12,356,349,2819,1146,33015,139754,51659,12318,0.0,1476,2530,7105,13919,0,11796,17,372
2020-12-15,133,20,513,0,1674,623,123,2391,279,364,5,140,36525,1788,13842,88,13,380,349,3073,1172,32759,143673,56323,12288,1.0,1510,2567,7353,14352,0,12111,17,386
2021-01-15,142,23,539,0,1652,603,117,2326,140,390,5,137,35193,1796,13560,89,12,383,351,3148,1157,33880,143793,56117,12168,2.0,1686,2762,7392,14207,1,11658,18,377
2021-02-15,124,20,507,0,1332,440,89,1867,169,360,4,107,30027,1623,8615,79,11,339,270,2591,988,27774,105550,50269,10868,3.0,1450,2472,6301,12786,1,10658,16,345
2021-03-15,138,23,573,0,1593,639,124,2425,154,392,5,144,34017,1796,13144,85,12,379,353,3147,1192,36149,148371,58244,11951,2.0,1655,2773,7006,14079,1,11678,20,384
2021-04-15,127,22,583,1,1688,591,115,2446,51,384,5,108,33328,1592,12544,79,12,360,343,3005,1129,35457,143855,53837,12601,2.0,1578,2681,7027,13390,1,11336,17,370
2021-05-15,122,23,569,0,1710,584,124,2277,485,398,6,137,34687,1645,12863,82,12,366,365,3075,1149,38280,148554,56306,13115,2.0,1590,2723,7160,13743,1,11626,19,378
2021-06-15,78,22,491,0,1620,587,124,2469,205,373,5,145,33747,1592,12117,81,12,331,348,2954,1108,38313,143362,53510,12220,2.0,1449,2869,6954,13199,1,11359,19,362
2021-07-15,129,23,462,0,1477,594,124,2416,242,408,5,148,33149,1502,12288,89,12,367,364,3069,1141,40376,149833,57302,12737,2.0,1488,3124,7276,11779,1,11706,20,380
2021-08-15,128,23,533,0,1574,609,132,2397,252,392,5,147,34044,1502,12235,90,12,357,359,2806,1103,42687,151685,48120,12934,2.0,1597,3149,7293,12664,1,11652,20,353
2021-09-15,130,22,502,1,1588,593,137,2322,115,390,5,141,33085,1454,12722,85,12,350,356,2150,1099,40888,149647,31810,13008,2.0,1635,2999,6983,12890,1,11325,19,358
2021-10-15,134,23,485,1,1339,604,141,2348,236,410,5,146,34183,1547,12777,88,12,365,364,2705,1146,43247,154863,52010,14271,2.0,1649,3376,7268,13546,1,11304,19,232
2021-11-15,127,22,569,1,1174,608,140,2326,63,392,5,96,34542,1497,12122,83,12,339,358,2735,1104,43197,150673,53158,13612,2.0,1581,3371,7242,13381,0,11349,19,227
2021-12-15,110,23,521,1,1216,604,153,2287,351,394,6,137,35177,1547,12956,85,12,357,376,2899,1118,43254,156283,52485,14041,2.0,1609,3475,7349,13985,0,11493,18,226
2022-01-15,81,23,483,1,1253,567,139,2200,62,398,5,137,33478,1595,12397,84,15,340,377,2878,1101,42880,151601,52215,13505,2.0,1609,3355,7132,13943,0,10875,18,218
2022-02-15,102,20,393,1,1184,508,124,2132,155,371,5,107,30331,1440,10190,77,13,333,340,2650,999,40440,137358,45159,12450,3.0,1434,3103,6531,12618,0,10204,17,230
2022-03-15,122,23,504,1,1404,625,135,2475,303,402,6,144,34632,1595,13387,84,15,318,377,3044,1094,47081,156751,52223,14076,4.0,1699,3507,7466,13635,0,11156,19,234
2022-04-15,122,22,453,0,1307,578,140,2360,165,380,5,143,27030,1866,12909,70,14,299,381,3124,1041,46809,152846,52612,13543,4.0,1623,3409,7307,13246,0,10846,18,215
2022-05-15,124,23,455,1,1282,593,146,2384,137,407,6,151,32553,1928,13194,82,15,323,377,3194,1093,48909,156206,49797,13619,2.0,1652,3709,7793,13865,0,10217,20,228
2022-06-15,67,22,422,1,1182,590,145,2454,109,393,6,145,32602,1866,12780,83,14,307,367,3075,1021,47065,152056,52054,12969,4.0,1899,3669,7511,12559,0,9891,22,223
2022-07-15,106,23,427,1,1358,553,144,2352,395,413,6,148,32885,1891,12699,86,15,318,372,3156,1062,50470,158400,53563,13409,4.0,1879,3885,7695,13379,0,10929,22,236
2022-08-15,104,23,422,0,1281,593,154,2516,173,405,6,147,32936,1891,12974,85,15,325,373,3063,1061,51520,160789,54596,13520,4.0,1879,4197,7889,12808,0,10181,20,217
2022-09-15,93,22,413,1,1228,585,152,2286,173,403,6,141,33357,1830,12083,80,14,314,368,3070,1028,51932,158499,54751,13125,4.0,1743,3942,7726,12905,0,10364,19,217
2022-10-15,100,23,402,1,1225,595,152,2355,129,428,6,149,34355,2209,12946,81,15,326,380,3261,1080,54347,164631,55578,13670,4.0,1683,4353,8223,13483,0,9282,21,206
2022-11-15,94,22,423,0,1226,582,144,2274,126,399,6,149,32650,2138,12960,80,14,314,366,3049,1051,52617,159680,53915,13520,4.0,1734,4271,7941,13340,1,9457,21,226
2022-12-15,94,23,398,0,1264,556,134,2216,324,395,6,146,29465,2209,12782,68,15,303,364,2920,1036,56036,161760,55438,12907,3.0,1758,4375,7436,13846,1,9717,19,232
2023-01-15,93,21,394,1,1525,596,131,2312,100,417,5,103,32651,2471,13197,81,14,322,378,3118,1057,57469,165164,59348,13286,3.0,1925,3914,7596,13901,1,10061,19,171
2023-02-15,35,19,370,1,1521,556,123,2170,112,361,5,109,32128,2232,11545,69,13,283,344,2773,972,50936,148642,51900,11761,4.0,1781,3957,6727,12494,1,9275,16,151
2023-03-15,48,21,394,0,1614,582,129,2460,174,397,5,143,34487,2471,13643,82,14,301,375,3009,1050,58036,169544,58184,13548,4.0,2003,4299,7975,13492,1,10218,18,162
2023-04-15,97,21,429,0,1459,542,119,2330,179,399,5,138,33678,2491,13055,77,14,293,381,2847,1036,56328,162895,52486,13506,4.0,1860,4455,7553,13034,0,10106,17,189
2023-05-15,81,21,424,1,1556,593,134,2433,70,447,5,134,34936,2574,14044,79,14,289,379,2919,1072,56761,169308,53344,14163,2.0,1900,4902,8063,13335,1,10422,18,274
2023-06-15,91,21,394,0,1574,569,136,2330,308,405,5,126,34813,2491,13049,82,14,286,358,2806,1024,52678,163086,55339,13923,1.0,1791,4709,7965,12696,0,10254,17,269
2023-07-15,100,21,391,0,1515,548,127,2282,53,416,6,131,36358,2414,13681,72,14,305,367,2843,1052,54578,171248,59690,14166,3.0,1767,4912,8169,12314,1,10437,18,291
2023-08-15,96,21,393,0,1537,592,132,2388,226,424,6,101,37412,2414,13427,79,14,316,388,2909,1051,56184,171843,58165,14442,4.0,1938,5117,8422,12274,1,10347,16,294
2023-09-15,94,21,371,1,1407,562,125,2241,204,413,5,126,38608,2336,12689,75,14,295,372,2752,1045,54675,165726,59218,13797,1.0,1887,5313,8086,12471,0,10101,16,289
2023-10-15,97,21,410,0,1644,600,124,2300,99,418,5,144,38851,2845,12908,76,14,312,371,2837,1082,56424,172219,59972,14653,2.0,1944,5334,8516,13205,1,11871,17,296
2023-11-15,95,21,453,0,1459,568,124,2233,123,393,5,144,38348,2753,12585,73,14,290,365,2669,1051,57348,169160,55533,14502,3.0,1893,5516,8618,12836,1,9966,17,310
2023-12-15,94,21,410,1,1347,583,129,2219,227,411,5,144,39482,2845,12867,77,14,299,374,2734,1083,60853,173053,57222,15159,4.0,1962,5646,9050,13423,1,10127,18,323
2024-01-15,84,17,415,0,1340,528,116,1817,116,377,5,110,34121,2629,11847,72,14,289,341,2617,1035,57832,165130,54126,13756,4.0,1845,5373,8584,13240,0,9922,17,319
2024-02-15,67,16,350,0,1165,590,131,2270,212,372,4,39,36279,2460,11819,70,13,270,347,2514,1006,57086,160200,52440,13504,2.0,1926,4831,8606,12542,0,9284,15,307
2024-03-15,79,17,390,1,1164,599,150,2261,209,391,5,86,38029,2629,12528,80,14,288,350,2672,1059,62369,173059,55748,14523,0.0,2192,5177,9151,13441,1,9895,17,327
2024-04-15,71,17,377,0,1245,579,146,2335,81,383,5,120,37142,2806,12447,73,14,278,344,2597,1018,59935,169100,55760,13439,0.0,2172,5468,8845,12899,1,9395,17,307
2024-05-15,82,17,402,0,1229,606,149,2350,173,391,5,94,37047,2900,12473,73,14,279,356,2603,1049,61790,176313,55762,14121,0.0,2251,6479,8934,12925,1,9745,16,311
2024-06-15,84,17,352,1,1135,557,135,2212,314,369,5,48,35474,2806,11830,71,14,358,345,2550,1000,59253,172686,54449,13248,1.0,2151,5973,8695,12017,1,9079,7,314
2024-07-15,65,17,368,0,1137,584,145,2395,70,400,5,122,36226,3248,11902,72,14,280,343,2625,1047,62163,176692,56679,13584,2.0,2155,5805,9016,12656,1,9416,9,334
2024-08-15,80,17,398,0,1048,581,125,2327,240,391,5,133,36483,3248,11998,73,14,269,339,2588,1028,64106,179942,57033,13854,1.0,2353,5709,9206,12280,1,9516,17,322
2024-09-15,71,17,352,1,982,550,133,2209,111,368,5,132,36013,3143,11984,70,14,253,325,2240,972,61465,173951,48207,14033,2.0,2262,5729,8535,12260,0,8414,15,300
2024-10-15,67,17,356,1,1192,611,139,2355,161,386,5,141,36544,3613,12455,77,14,266,328,2494,1004,65549,180795,56119,15241,2.0,2434,5750,8997,13277,0,8679,20,338
2024-11-15,65,17,346,0,1019,578,129,2049,212,362,5,129,36690,3496,12229,68,14,251,318,2390,944,63578,173040,49940,15396,2.0,2496,5590,8852,13174,0,8170,14,312
2024-12-15,63,17,342,1,995,608,131,2248,141,355,5,134,36960,3613,12655,70,14,276,330,2470,973,65276,176226,57959,15590,3.0,2421,5221,9336,13463,0,8313,14,333
2025-01-15,61,17,315,0,1036,608,99,2047,171,344,3,123,36176,3888,12368,71,14,240,344,2134,903,63818,172963,55843,14759,4.0,2412,5375,9012,13656,0,8197,9,340
2025-02-15,55,16,275,0,1053,488,103,1865,126,253,3,86,31787,3656,10653,64,13,221,313,2101,818,60365,158613,49368,13079,3.0,2042,5094,8207,12275,1,7396,10,307
2025-03-15,64,17,292,1,1093,601,108,2158,75,322,5,98,36332,4208,12578,70,14,240,345,2326,904,70207,175557,55526,14539,2.0,2383,5767,9107,13447,0,8291,12,349
2025-04-15,65,17,294,1,1128,539,105,2125,158,325,4,73,34829,4168,12190,69,14,243,323,2296,863,65899,172512,53957,13434,1.0,2213,5760,8951,12975,0,8086,14,338
2025-05-15,71,17,450,0,1281,578,115,2172,218,292,4,74,34580,4399,12588,71,14,237,335,2287,867,68175,177065,57283,14393,1.0,2363,5995,8995,13455,0,8120,12,349
2025-06-15,69,17,376,0,1141,552,113,2117,152,304,4,90,34438,4173,12098,65,14,229,327,2306,835,67167,171683,57462,13766,1.0,2285,5824,9000,12670,1,7774,7,338
